77675440,Chanter pour vivre,Emmanuelle,
5404543,I Ran,A Flock of Seagulls,
123784050,Be the First to Believe,A1,
62715076,The Winner Takes It All,ABBA,
62715082,Gimme! Gimme! Gimme! (A Man After Midnight),ABBA,
18061411,The Look Of Love (Pt. 1),ABC,
92720046,Back In Black,AC/DC,
92720006,T.N.T.,AC/DC,
92720308,Stick Around,AC/DC,
92720310,Love Song,AC/DC,
92719998,It's a Long Way to the Top (If You Wanna Rock 'N' Roll),AC/DC,
92723006,Rocker,AC/DC,
92723000,Dirty Deeds Done Dirt Cheap,AC/DC,
92723012,Ain't No Fun (Waiting Round to Be a Millionaire),AC/DC,
92720322,R.I.P. (Rock In Peace),AC/DC,
92720324,Carry Me Home,AC/DC,
92720326,Crabsody In Blue,AC/DC,
92720328,Cold Hearted Man,AC/DC,
92719962,You Shook Me All Night Long,AC/DC,
92720332,Snake Eye,AC/DC,
13247244,Borrowed Time,Cueshé,
92720338,Big Gun,AC/DC,
92720340,Cyberspace,AC/DC,
92719900,Highway to Hell,AC/DC,
92720344,"Dog Eat Dog (Live Apollo Theatre, Glasgow, Apr. 30, 1978)",AC/DC,
92722924,Back In Black (Live),AC/DC,
92722894,Guns for Hire,AC/DC,
92720048,You Shook Me All Night Long,AC/DC,
92719810,Jailbreak,AC/DC,
92720036,Hells Bells,AC/DC,
92722980,Whole Lotta Rosie,AC/DC,
92720056,Hard as a Rock,AC/DC,
92720392,"Hail Caesar (Live Plaza De Toros De Las Ventas, Madrid, July, 10, 1996)",AC/DC,
92720396,"You Shook Me All Night Long (Live Plaza De Toros De Las Ventas, Madrid, July, 10, 1996)",AC/DC,
92720086,Safe in New York City,AC/DC,
92720016,For Those About to Rock (We Salute You),AC/DC,
5404565,Stand and Deliver,Adam & The Ants,
73281735,Tout le monde s'amuse,Regrets & Agathe,
5932515,Train Of Thought (Remix),a-ha,
664107,Take On Me,a-ha,
6592992,The Blue Sky,a-ha,
664113,Living A Boy's Adventure Tale,a-ha,
27493681,Sun Always Shines On T.V (In the Style of A-Ha) [Karaoke Version],Ameritz - Karaoke,
6592998,Here I Stand And Face The Rain,a-ha,
118850018,Someone,Air Supply,
5617957,Without You,Air Supply,
362297841,Good Goodbye (feat. Pusha T and Stormzy),Linkin Park,
79542986,Lost In Love,Air Supply,
981877,Chances (Digitally Remastered 1999),Air Supply,
79542990,Every Woman in the World,Air Supply,
79542996,The One That You Love,Air Supply,
546791,Here I Am (Just When I Thought I Was Over You),Air Supply,
3551809,Even the Nights Are Better (Remastered),Air Supply,
67451199,Two Less Lonely People in the World (Karaoke Version With Background Vocals) (Originally Performed By Air Supply),A-Type Player,
13145313,Don't Be Afraid,Air Supply,
13145945,Young Love,Air Supply,
546801,Making Love Out of Nothing at All,Air Supply,
546795,Just as I Am,Air Supply,
3567301,The Power of Love (You Are My Lady),Air Supply,
72412674,Put a Little Love in Your Heart (Karaoke Version) (Originally Performed By Annie Lennox & Al Green),Nice Vibe,
62509939,Gaby oh Gaby (Karaoke With Backing Vocals) (Originally Performed By Alain Bashung),Le Meilleur des Tubes en Karaoke,
18019915,Vertige de l'amour,Alain Bashung,
1014549,I'm Forrest... Forrest Gump,Alan Silvestri,
674958,Black Velvet,Alannah Myles,
730866,School's Out,Alice Cooper,
1014302,Spark in the Dark,Alice Cooper,
1015793,House of Fire,Alice Cooper,
1014978,Why Trust You,Alice Cooper,
1015804,Bed of Nails,Alice Cooper,
1015071,Poison,Alice Cooper,
716446,Big In Japan (Best Of-Version),Alphaville,
2468586,Intro: Happy Birthday,Altered Images,
15666016,Canto Della Terra,Sarah Brightman,
94620714,Era già tutto previsto (Live),Andrea Bocelli,
136407884,Il mare calmo della sera,Andrea Bocelli,
17680017,La Voce Del Silenzio,Andrea Bocelli,
17680027,Vivo Per Lei,Andrea Bocelli,
70604115,Overture/Hannibal,Andrew Lloyd Webber,
74086262,"All I Ask of You (From ""The Phantom of the Opera"")",London Promenade Orchestra,
74086259,"The Music of the Night (From ""The Phantom of the Opera"")",Skitch Henderson,
17418160,"Poor Fool, He Makes Me Laugh (Live At The Royal Albert Hall/2011)",Andrew Lloyd Webber,
3421207,All I Ask Of You,Sarah Brightman,
70604130,Journey to the Cemetery,Andrew Lloyd Webber,
70604133,The Swordfight,Andrew Lloyd Webber,
70604134,We Have All Been Blind,Andrew Lloyd Webber,
70243383,"Don Juan Triumphant/Travel Through Time (From the Soundtrack to the 1989 Film ""Phantom of the Opera"")",Misha Segal,
2241951,Learn to be Lonely,Andrew Lloyd Webber,
8146532,Down Once More/Track Down This Murderer (Medley/Single Album Version),Andrew Lloyd Webber,
18057555,She Is Beautiful (Album Version),Andrew W.K.,
18057550,Party Hard (Album Version),Andrew W.K.,
6058808,Obsession,Animotion,
1666712,Ring My Bell (Re-Record),Anita Ward,
102440050,"Little Problems, Little Lies",Ann Wilson,
29362601,Through Eyes and Glass,Ann Wilson,
89411979,L'hirondelle du faubourg,Anny Flore,
107264004,Best of 2012: Payphone / Call Me Maybe / Wide Awake / Starships / We Are Young,Anthem Lights,
19815001,Antisocial,Anthrax,
17853218,"High Flying, Adored",Andrew Lloyd Webber,
3599511,The Actress Hasn't Learned The Lines (You'd Like To Hear),Antonio Banderas,
77995908,Can't You See,The Marshall Tucker Band,
3599495,Eva And Magaldi / Eva Beware Of The City,Madonna,
904732,Respect,Aretha Franklin,
90630691,A Deeper Love,Aretha Franklin,
92458738,Problem (Instrumental Karaoke Remix Originally Performed by Ariana Grande feat. Iggy Azalea),Liv Taylor,
13981950,Heat of the Moment,Asia,
2670829,Oh les filles !,Au bonheur des dames,
62509945,Au bout de mes rêves (Karaoke With Backing Vocals) (Originally Performed By Jean-Jacques Goldman),Le Meilleur des Tubes en Karaoke,
107742770,For A Better Day,Avicii,
72532971,Wake Me Up,Avicil,
13130987,When You're Gone,Avril Lavigne,
3996200,Raindrops Keep Falling On My Head,BJ Thomas,
608901,"How Come, How Long",Babyface,
15760191,"How Come, How Long",Babyface,
4274196,Get Down (You're the One for Me) (LP Edit No Rap),Backstreet Boys,
14164461,More Than That,Backstreet Boys,
69008503,In a World Like This,Backstreet Boys,
76500432,Breathe,Backstreet Boys,
76500435,Make Believe,Backstreet Boys,
76500436,Try,Backstreet Boys,
76500437,Trust Me,Backstreet Boys,
76500438,Love Somebody,Backstreet Boys,
69008513,Feels Like Home,Backstreet Boys,
45601791,Quit Playing Games With My Heart (Backstreet Boys Karaoke Tribute),The Karaoke Machine,
632286,It's Gotta Be You,Backstreet Boys,
632288,I Need You Tonight,Backstreet Boys,
632290,Don't Want You Back,Backstreet Boys,
632291,Don't Wanna Lose You Now,Backstreet Boys,
632292,Back to Your Heart,Backstreet Boys,
632294,Spanish Eyes,Backstreet Boys,
10458162,No One Else Comes Close,ProSound Tribute Band,
632298,The Perfect Fan,Backstreet Boys,
632300,I'll Be There For You,Backstreet Boys,
633418,You Wrote The Book On Love,Backstreet Boys,
14164457,All I Have to Give,Backstreet Boys,
632283,I Want It That Way,Backstreet Boys,
70222254,If You Stay,Backstreet Boys,
70222263,Weird World,Backstreet Boys,
70222264,Lose It All,Backstreet Boys,
14164466,Inconsolable (Main Version),Backstreet Boys,
70222266,Helpless When She Smiles (Radio Version),Backstreet Boys,
70222267,One in a Million (Main Version),Backstreet Boys,
70222268,Crawling Back to You,Backstreet Boys,
70222269,I Still...,Backstreet Boys,
70222270,Straight Through My Heart (Main Version),Backstreet Boys,
15593985,All of Your Life (You Need Love),Backstreet Boys,
15593987,This Is Us,Backstreet Boys,
15593991,Shattered,Backstreet Boys,
78561475,Feel Like Making Love (Backing Track) [Originally Performed By Bad Company] (With Rythm Guitar),The Rock Army,
7564123,Tarzan boy (Single version;2010 Digital Remaster;),Baltimora,
686807,Cruel Summer,Bananarama,
686620,Venus,Bananarama,
9812696,Paris Latino,Bandolero,
145096694,Rêves Noirs (Instrumental),Bandolero,
104403110,The Way We Were (Originally Performed by Barbra Streisand) (Karaoke Version),Roq Star Karaoke,
625398,Woman In Love,Barbra Streisand,
5404430,Mandy,Barry Manilow,
9812721,On se calme !,Bassline Boys,
3119532,Intergalactic (Digitally Remastered 2005),Beastie Boys,
122184750,"Help! (Anthology 2 Version / Live From The ABC Theatre, Blackpool, UK/1965)",The Beatles,
63358507,You're Gonna Lose That Girl,The Hit Co.,
114778808,Ticket To Ride (Remastered 2015),The Beatles,
114778196,Act Naturally Remastered,The Beatles,
61710504,Tell Me What You See (Coverversion),The Beatles Tribute Band,
114778208,Dizzy Miss Lizzy Remastered,The Beatles,
114778276,Let It Be Remastered,The Beatles,
114778832,Hey Jude (Remastered 2015),The Beatles,
114779132,Revolution 9 Remastered,The Beatles,
114778818,Paperback Writer (Remastered 2015),The Beatles,
114778968,I Should Have Known Better (Remastered),The Beatles,
114778830,Lady Madonna (Remastered 2015),The Beatles,
114778800,Can't Buy Me Love (Remastered 2015),The Beatles,
116425416,Don't Let Me Down Remastered,The Beatles,
114778836,The Ballad Of John And Yoko (Remastered 2015),The Beatles,
3393957,Chinatown (2004 Digital Remaster),Beau Dommage,
139469609,"Stayin' Alive (From ""Saturday Night Fever"" Soundtrack)",Bee Gees,
65312764,Sun,Belinda Carlisle,
19771671,Heaven Is A Place On Earth,Belinda Carlisle,
18018349,Shades Of Michaelangelo Album Version,Belinda Carlisle,
65312768,Leave A Light On,Belinda Carlisle,
19771761,Summer Rain,Belinda Carlisle,
82036922,Live Your Life Be Free Originally Performed By Belinda Carlisle (Tribute Version),New Tribute Kings,
74996856,Flashbacc,Bengee,
74996857,Puppylicious,Bengee,
74996858,Le feu sauvage (Remix),Bengee,
74996863,Chixxx de cirque,Bengee,
74996866,Piteux pitou,Bengee,
64534321,P.I.M.P de l'environnement,Bengee,
370700391,St Lucia,Bernice,
12568403,Doin' the Do (As Made Famous By Betty Boo),The Karaoke Crew,
1131129,(I've Had) The Time of My Life,Bill Medley,
3102238,White Wedding - Part 1 (2001- Remaster),Billy Idol,
3140132,Dancing With Myself (EP Version;2001 Digital Remaster),Generation X,
3140142,Mony Mony (2001 - Remaster),Billy Idol,
3102237,Hot In The City (2001 Digital Remaster),Billy Idol,
353465011,White Wedding (Pt. 1),Billy Idol,
3140135,Rebel Yell (1999 - Remaster),Billy Idol,
3140136,Eyes Without A Face (1999 - Remaster),Billy Idol,
3140137,Flesh For Fantasy (1999 Digital Remaster),Billy Idol,
3140138,Catch My Fall (Edit),Billy Idol,
3102243,To Be A Lover (2001 Digital Remaster),Billy Idol,
3140140,Don't Need A Gun (2001 Digital Remaster),Billy Idol,
3140141,Sweet Sixteen (2001 Digital Remaster),Billy Idol,
3140143,Cradle of Love (2001 - Remaster),Billy Idol,
3140144,L.A. Woman (Single Edit;2001 Digital Remaster),Billy Idol,
3398002,Shock To The System,Billy Idol,
3102250,Don't You (Forget About Me) (2001 Digital Remaster),Billy Idol,
3874960,Crank Call (1999 Digital Remaster),Billy Idol,
548673,Uptown Girl,Billy Joel,
2168810,We Didn't Start the Fire,Billy Joel,
123783374,Loverboy,Billy Ocean,
6071052,Love Is Forever,Billy Ocean,
2168095,Caribbean Queen (No More Love on the Run),Billy Ocean,
123783360,Suddenly,Billy Ocean,
123783362,"Get Outta My Dreams, Get Into My Car",Billy Ocean,
5404485,Love Really Hurts Without You,Billy Ocean,
17442529,Achy Breaky Heart,Billy Ray Cyrus,
10197538,The Stroke,Billy Squier,
76454857,At This Moment,Billy Vera & The Beaters,
17993244,Rockin' On Heaven's Door,Black 'N Blue,
17993245,Autoblast,Black 'N Blue,
2012568,Hold On To 18,Black 'N Blue,
17993247,Wicked Bitch,Black 'N Blue,
17993249,Miss Mystery,Black 'N Blue,
17993250,"Nasty, Nasty",Black 'N Blue,
17993251,I Want It All (I Want It Now),Black 'N Blue,
17993252,Nature Of The Beach,Black 'N Blue,
17993253,Stop The Lightning,Black 'N Blue,
17993254,Bombastic Plastic,Black 'N Blue,
17993255,Suspicious,Black 'N Blue,
17993256,I'll Be There For You,Black 'N Blue,
17993257,Heat It Up! Burn It Out!,Black 'N Blue,
17993258,Does She Or Doesn't She,Black 'N Blue,
17993259,Live It Up,Black 'N Blue,
17993260,Chains Around Heaven,Black 'N Blue,
17993262,School Of Hard Knocks,Black 'N Blue,
17993263,I'm The King,Black 'N Blue,
97285266,Blank Space,I Prevail,
17978660,Can't Find My Way Home,Blind Faith,
3104486,Call Me,Blondie,
3104484,Heart of Glass,Blondie,
53298741,I Pray (Remix),Blossom Child,
113281286,"Gimme, Gimme, Gimme",The BNB,
17479898,Rainy Day Women #12 & 35,Bob Dylan,
3127387,Don't Worry Be Happy,Bobby McFerrin,
17974328,I Like The Way (Radio Edit),Bodyrockers,
17609135,You Give Love A Bad Name,Bon Jovi,
17609118,It's My Life,Bon Jovi,
17609137,Have A Nice Day (Album Version),Bon Jovi,
17605997,Wanted Dead Or Alive,Bon Jovi,
17609122,We Weren't Born To Follow (Album Version),Bon Jovi,
17609125,"Blaze Of Glory (From ""Young Guns II"" Soundtrack)",Jon Bon Jovi,
17605996,Always,Bon Jovi,
17609147,Runaway,Bon Jovi,
17609130,What Do You Got? (Album Version),Bon Jovi,
17609131,No Apologies (Album Version),Bon Jovi,
17609150,In These Arms (Album Version),Bon Jovi,
17605995,Someday I'll Be Saturday Night,Bon Jovi,
67629225,We Got It Going On,Bon Jovi,
17605994,Keep The Faith,Bon Jovi,
17609154,When We Were Beautiful (Album Version),Bon Jovi,
17606000,Bed Of Roses,Bon Jovi,
20569681,This Ain't A Love Song (Album Version),Bon Jovi,
17609160,This Is Love This Is Life (Album Version),Bon Jovi,
17609161,The More Things Change (Album Version),Bon Jovi,
79905000,Living In Sin,Bon Jovi,
17609159,Blood On Blood (Album Version),Bon Jovi,
79905004,Homebound Train,Bon Jovi,
79905006,Wild Is The Wind,Bon Jovi,
79905010,Stick To Your Guns,Bon Jovi,
135448442,Labor Of Love,Bon Jovi,
17609126,Who Says You Can't Go Home (Duet with Jennifer Nettles) (Album Version),Bon Jovi,
1037414,More Than a Feeling,Boston,
38574291,"Pathétique Symphony No. 6 in B Minor, Op. 74 : IV . Finale (Adagio Lamentoso - Andante - Tempo 1 - Andante Non Tanto - Andante)",Philharmonia Orchestra,
74472984,De ville en aventure,Breen Leboeuf,
2464784,If You Love Me,Brownstone,
15586369,I'm on Fire,Bruce Springsteen,
15177641,Dancing in the Dark,Bruce Springsteen,
132635408,Born to Run,Bruce Springsteen,
15177383,Brilliant Disguise,Bruce Springsteen,
62724015,Locked Out Of Heaven,Bruno Mars,
62724019,When I Was Your Man,Bruno Mars,
136336116,That's What I Like,Bruno Mars,
17600808,Thought I'd Died And Gone To Heaven Album Version,Bryan Adams,
90277489,Heaven,Bryan Adams,
17635830,Kids Wanna Rock,Bryan Adams,
363448611,For What It's Worth,Buffalo Springfield,
5181207,Gonna Make You Sweat (Everybody Dance Now),C+C Music Factory,
103996098,How Deep Is Your Love,Calvin Harris,
17973672,Word Up,Cameo,
129451602,Mindy?,"Jeff Williams, Alex Abraham & Steve Goldshein",
135434812,La branlette espagnole,Camping Orchestra,
135434820,Mexicon mexicaine,Camping Orchestra,
122811532,Come Now,Paolo Baldini DubFiles,
61424047,Same Love (feat. Mary Lambert),Macklemore & Ryan Lewis,
135434782,Les champions du cul,Camping Orchestra,
135434846,Paillardes Party,Camping Orchestra,
139872539,Game of Thrones Medley,2Cellos,
135434732,Les gros nichons,Camping Orchestra,
61891432,Captain Jack (Short Mix),Captain Jack,
66499245,Call Me Maybe,Carly Rae Jepsen,
104619386,Let's Get Lost,Carly Rae Jepsen,
65728575,J'aurais voulu te dire (Slow Motion Remix),Ms Project,
5802397,Paris canaille,Catherine Sauvage,
18100166,Bad Moon Rising (Album Version),Creedence Clearwater Revival,
130855172,Encore un soir,Céline Dion,
2465154,C'est pour toi (Album Version),Céline Dion,
4762933,Pour que tu m'aimes encore,Céline Dion,
98155018,Si j'étais son soleil,Olivier Dion,
71360902,Je ne vous oublie pas (inédit),Céline Dion,
17021642,Where Does My Heart Beat Now,Céline Dion,
1039986,"My Heart Will Go On (Love Theme from ""Titanic"")",Céline Dion,
869507,I Drove All Night,Céline Dion,
15962085,Lover Why (Extended Play Version),Century,
15962087,Gone With the Winner,Century,
84260255,Self Destruction,Alfred Newman and The 20th Century Fox Orchestra,
17976547,Everybody Wants To Rule The World,Tears for Fears,
15962090,Nigel Understands,Century,
15962091,Pay As You Hurt,Century,
15962092,The Day the Water Dried,Century,
15962096,Fly Me to the Ground (Single Version),Century,
93525938,Immortals,Fall Out Boy,
15962098,Lover Why (1996 Vocal Dream Mix),Century,
14515463,Chacun fait (c'qui lui plaît) (Version originale 1981),Chagrin D'amour,
73645633,"Bonjour, v'là les nouvelles",Chagrin D'amour,
94424876,Marvin Gaye (feat. Meghan Trainor),Charlie Puth,
115083624,One Call Away (feat. Tyga) (Remix),Charlie Puth,
104760756,I Want You to Want Me,Cheap Trick,
611354,The Flame,Cheap Trick,
17968378,If I Could Turn Back Time,Cher,
71388781,One Original Thing,Cheyenne Kimball,
3616306,If You Leave Me Now (Remastered),Chicago,
964342,Genie in a Bottle,Christina Aguilera,
82603746,Premiers frissons d'amour,Christine Roque,
226105,Shanana,Citizen's,
90334145,(I Don't Know Why) But I Do,Clarence 'Frogman' Henry,
871134,J'ai les bleus,Claude Barzotti,
531795,"Femmes, je vous aime",Claude Barzotti,
871126,Où tu iras j'irai,Claude Barzotti,
871135,"Beau, j's'rai jamais beau",Claude Barzotti,
3101538,Ami ami,Claude Barzotti,
869580,The Promise You Made,Cock Robin,
114811546,Hymn For The Weekend,Coldplay,
111482314,Adventure Of A Lifetime,Coldplay,
95402892,2 Heads,Coleman Hell,
15684313,Voodoo Thing,Colin James,
3424991,Chicks 'N Cars (And The Third World War),Colin James,
3015801,Black Cloud Rain,Corey Hart,
3015795,Someone,Corey Hart,
3015805,Love Hurts,Corey Hart,
3015796,Simplicity,Corey Hart,
3015803,Tell Me,Corey Hart,
3015797,Angel Of My Soul,Corey Hart,
3015804,Sunflowers,Corey Hart,
3015798,Kiss The Sky,Corey Hart,
3015799,On Your Own,Corey Hart,
3015800,India,Corey Hart,
131066092,Sunglasses at Night,Corey Hart,
90630611,Mmm Mmm Mmm Mmm,Crash Test Dummies,
18100171,Fortunate Son (Album Version),Creedence Clearwater Revival,
18100175,Run Through The Jungle (Album Version),Creedence Clearwater Revival,
3138155,Do You Really Want to Hurt Me (2002 - Remaster),Culture Club,
90630523,I Wonder Why,Curtis Stigers,
76057844,Girls Just Want to Have Fun,Cyndi Lauper,
66609426,Get Lucky (Radio Edit),Daft Punk,
86752485,Rio Do Brasil,Dalida,
86752489,Parle plus bas,Dalida,
86752491,J'attendrai,Dalida,
65001985,Paroles Paroles,Dalida & Alain Delon,
86752503,Il venait d'avoir 18 ans,Dalida,
86752513,Une vie,Dalida,
77500033,Ils ont changé ma chanson,Stephan Eicher,
86752535,Femme est la nuit,Dalida,
86752539,Ciao Come Stai,Dalida,
86752541,Darla Dirladada,Dalida,
383563571,Dalinda (English Version),Alex Mica,
86752549,Soleil,Dalida,
17982178,Kalimba De Luna,Dalida,
86752559,Ti Amo,Dalida,
17982186,Gigi L'Amoroso,Dalida,
17982173,Fini la comédie,Dalida,
86752577,Avec le temps,Dalida,
86752579,Si C'Etait A Refaire,Dalida,
86752583,Problemorama,Dalida,
791007,Je suis malade,Serge Lama,
17982150,Gondolier,Dalida,
77620358,La bête humaine,Dan Bigras,
95060044,Dirty Laundry,Blackbear,
119549270,L'Aziza,Daniel Balavoine,
3362498,Mary's Prayer,Danny Wilson,
67351232,Wagon Wheel,Darius Rucker,
11219662,She's Gone (Live),Daryl Hall & John Oates,
120705070,Beanie G. And The Rose Tattoo,Daryl Hall & John Oates,
120705040,It's Uncanny,Daryl Hall & John Oates,
120705044,Love You Like A Brother,Daryl Hall & John Oates,
4288124,When The Morning Comes,Daryl Hall & John Oates,
120705048,I'm Sorry,Daryl Hall & John Oates,
120705052,Fall In Philadelphia,Daryl Hall & John Oates,
120705054,Goodnight And Goodmorning,Daryl Hall & John Oates,
120705056,You're Much Too Soon,Daryl Hall & John Oates,
78357790,Prayer in C (Robin Schulz Radio Edit),Lilly Wood And The Prick,
13130292,Maneater,Daryl Hall & John Oates,
569559,I Can't Go for That (No Can Do) (Remastered),Daryl Hall & John Oates,
11219664,Out of Touch (Remastered),Daryl Hall & John Oates,
110663020,Bang My Head (feat. Sia & Fetty Wap),David Guetta,
62847150,Where Them Girls At (feat. Nicki Minaj & Flo Rida),David Guetta,
87371673,Dangerous (feat. Sam Martin),David Guetta,
3091963,California Girls (2001 Stereo Remix),The Beach Boys,
3832788,Coconut Grove,David Lee Roth,
6635448,Just Like Paradise,David Lee Roth,
105619574,Hide Away,Daya,
90630659,I'll Never Fall In Love Again,Deacon Blue,
958021,"You Spin Me Round (Like A Record) (Original 7"" Mix)",Dead or Alive,
17728030,Rhythm Of The Night,DeBarge,
104344034,Who Loves Ya Baby?,Debbie Gibson,
675613,Lost In Your Eyes,Debbie Gibson,
104344038,Love In Disguise,Debbie Gibson,
104344040,Helplessly In Love,Debbie Gibson,
62320602,Silence Speaks (a Thousand Words) [In the Style of Debbie Gibson] {Performance Track with Demonstration Vocals},Done Again,
104344044,Should've Been The One,Debbie Gibson,
675619,No More Rhyme,Debbie Gibson,
104344050,Over The Wall,Debbie Gibson,
4086584,We Could Be Together,Debbie Gibson,
104344054,Shades Of The Past,Debbie Gibson,
675599,Only In My Dreams,Debbie Gibson,
385325121,Shake Your Love,Debbie Gibson,
14515363,Belles belles belles,Début de Soirée,
14515370,Tous les paradis,Début de Soirée,
102170860,$ave Dat Money (feat. Fetty Wap & Rich Homie Quan),Lil Dicky,
111737322,너 아님 안돼,2NE1,
7533122,Elle Danse sexy (feat. BB Model),"Sisi K, Logobi GT",
73645607,Refrain d'enfer,Début de Soirée,
132123632,Jusqu'au dernier gramme,Pnl,
9812724,La vie la nuit,Début de Soirée,
9812699,Nuit de folie,Début de Soirée,
70582332,Hysteria 2013 (Re-Recorded Version) - Single,Def Leppard,
70338897,Love Bites,Def Leppard,
5404556,Let's Hear It for the Boy,Deniece Williams,
14750418,Tu dis que tu l'M (Version originale 1986),Dennis' Twist,
726157,Personal Jesus (Remastered Version),Depeche Mode,
4382968,Whip It,Devo,
86875535,Come On Eileen,Dexy's Midnight Runners,
13165731,Shy Guy,Diana King,
17679869,Upside Down,Diana Ross,
15556988,Gilberto,Diane Tell,
5404537,Heartbreaker,Dionne Warwick,
18059889,Walk Of Life,Dire Straits,
17976688,Sultans Of Swing,Dire Straits,
117879236,Middle (feat. Bipolar Sunshine) (Mija Remix),DJ Snake,
133969924,Let Me Love You (Remix),Aaron Marz,
133831436,Cake by the Ocean,DNCE,
9812708,Again,Do Piano,
17938636,The Boys Of Summer,Don Henley,
59593551,J'ai la quéquette qui colle (Chanté),Maurice Dadier Et Son Orchestre,
3769098,La sodomie,Le Top Des Chansons Cochonnes,
85122882,Quddam Al-Jdid (San'A 4),Ensemble Al-Âla du Ministère de la Culture,
131070866,À bon entendeur,Lartiste,
41701531,Douze à la partouze,Camping Orchestra,
6738405,Interdit aux moins de 18 ans,Sazamyzy,
1048727,It's My Life,Dr. Alban,
1059093,Sing Hallelujah! (Short),Dr. Alban,
1059111,Let The Beat Go On (Short),Dr. Alban,
7398960,Rebel Rouser,Duane Eddy,
3130433,Hungry Like The Wolf,Duran Duran,
68097787,Hotel California (Remastered),Eagles,
68097788,New Kid In Town (Remastered),Eagles,
68095459,Doolin-Dalton,Eagles,
19876801,Life In The Fast Lane (Live),Joe Walsh,
374143441,"Take It Easy (Recorded Live at the Sporthal De Vliegermolen, Voorburg, Nl. March 10, 1973)",Eagles,
73485570,Hollywood Waltz,Eagles,
73485576,Train Leaves Here This Morning,Eagles,
374143501,"Outlaw Man (Recorded Live at the Sporthal De Vliegermolen, Voorburg, Nl. March 10, 1973)",Eagles,
68097793,Pretty Maids All In A Row (Remastered),Eagles,
68097794,Try And Love Again (Remastered),Eagles,
68098346,The Disco Strangler,Eagles,
75765970,Born To Boogie,"Hank Williams, Jr.",
68094423,Too Many Hands,Eagles,
68095481,In The City,Eagles,
63137811,Ol' 55,Studio Musicians,
75779615,All She Wants To Do Is Dance,Don Henley,
136599310,"Desperado (Live at The Summit, Houston)",Eagles,
68095463,Ol' 55,Eagles,
381197681,Please Come Home for Christmas (Karaoke Version) [Originally Performed by Eagles] : Please Come Home for Christmas (Karaoke Version) [Originally Performed by Eagles],Karaoke Jam Band,
142413375,Wrong Song,Nashville Cast,
108465260,Save A Prayer,Eagles of Death Metal,
71059074,Cool Kids,Echosmith,
53298351,Stars de la pub (Maxi),Ecran Total,
79875064,Thinking Out Loud,Ed Sheeran,
79782644,You've Really Got a Hold On Me,Eddie Money,
608824,Baby Hold On,Eddie Money,
79782688,Walk On Water,Eddie Money,
79782690,The Love In Your Eyes,Eddie Money,
79782692,Let Me In,Eddie Money,
5404532,Party All the Time,Eddie Murphy,
126919753,Couleur menthe à l'eau,Eddy Mitchell,
137956659,Jezebel,Édith Piaf,
15615966,Showdown,Electric Light Orchestra,
15615961,Ma-Ma-Ma Belle,Electric Light Orchestra,
385527001,Roll Over Beethoven,Chuck Berry,
80354184,Mama (New Edit),Electric Light Orchestra,
80354186,One Summer Dream,Electric Light Orchestra,
13816422,Strange Magic,Electric Light Orchestra,
144469600,Can't Get It Out Of My Head,Electric Light Orchestra,
13816424,Do Ya,Electric Light Orchestra,
80354204,Grieg's Piano Concerto In A Minor,Electric Light Orchestra,
112660450,Tightrope,Electric Light Orchestra,
13816420,Evil Woman,Electric Light Orchestra,
15615957,Livin' Thing,Electric Light Orchestra,
112662184,Mr. Blue Sky,Electric Light Orchestra,
80354214,Mission (A World Record) (Alternative Mix),Electric Light Orchestra,
13816427,Turn to Stone,Electric Light Orchestra,
13816426,Telephone Line,Electric Light Orchestra,
15587495,Rockaria!,Electric Light Orchestra,
112662170,Starlight,Electric Light Orchestra,
13816429,Sweet Talkin' Woman,Electric Light Orchestra,
112662180,Big Wheels,Electric Light Orchestra,
112660466,Shangri-La,Electric Light Orchestra,
112659388,Nightrider,Electric Light Orchestra,
80354238,Don't Bring Me Down,Electric Light Orchestra,
15615955,The Diary of Horace Wimp,Electric Light Orchestra,
66273085,Prologue/Twilight (by ELO),Kishi Bashi,
112659750,Loser Gone Wild,Electric Light Orchestra,
112659754,Take Me On and On,Electric Light Orchestra,
112659432,Shine a Little Love,Electric Light Orchestra,
5404623,Rock 'N' Roll Is King,Electric Light Orchestra,
13816436,Last Train to London,Electric Light Orchestra,
80354254,Confusion,Electric Light Orchestra,
13816441,Hold On Tight,Electric Light Orchestra,
80354260,So Serious,Electric Light Orchestra,
13816448,Calling America,Electric Light Orchestra,
80354264,Four Little Diamonds,Electric Light Orchestra,
80354266,Great Balls of Fire (Live),Electric Light Orchestra,
18081847,Xanadu (Xanadu Soundtrack Version),Olivia Newton-John,
80354270,Indian Queen (Demo),Electric Light Orchestra,
80354278,Who's That?,Electric Light Orchestra,
112475310,Something In The Way You Move,Ellie Goulding,
15668944,Grandma Got Run over by a Reindeer,Elmo & Patsy,
6915014,Papa Please Don't Go (Version anglais de T'en vas pas),Elsa,
70047761,Un roman d'amitié (Karaoké avec chant témoin) [Rendu célèbre par Elsa et Glenn Medeiros],Karaoké Playback Français,
42488881,Saturday Night's Alright (For Fighting),Elton John,
385035891,Hound Dog (Live),Elvis Presley,
15420480,Island In The Sun,Emma Roberts,
4286053,We Are the People,Empire Of The Sun,
17607305,Addicted,Enrique Iglesias,
17604596,Live It Up Tonight,Enrique Iglesias,
1131131,Hungry Eyes,Eric Carmen,
12821097,Like Jesus Does,Eric Church,
72171707,Moman,Éric Lapointe,
65690531,Les Boys,Éric Lapointe,
2413577,Wild Wild West,The Escape Club,
619313,Carrie,Europe,
15414271,There Must Be an Angel (Playing with My Heart) (Remastered Version),Eurythmics,
561836,Sweet Dreams (Are Made of This) (Remastered),Eurythmics,
61043639,Words,F.R.David,
90630687,Insomnia (Radio Edit),Faithless,
542016,Rock Me Amadeus (The Gold Mix),Falco,
107690710,679 (feat. Monty),Fetty Wap,
91934728,Trap Queen,Fetty Wap,
89179583,Sledgehammer,Fifth Harmony,
130409198,Work from Home (Reprise to Fifth Harmony Feat. Ty Dolla $ign),Natalie Gang,
756276,She Drives Me Crazy,Fine Young Cannibals,
5094594,Good Thing,Fine Young Cannibals,
991387,Everybody Get Up (Radio Mix),Five,
63480990,Go Your Own Way (2004 Remastered Edition),Fleetwood Mac,
141195239,N'importe Quoi,Florent Pagny,
62408503,Get Your Shine On Album Version,Florida Georgia Line,
977934,Cold as Ice (2008 Remastered Version),Foreigner,
977956,Heart Turns to Stone (2008 Remastered Version),Foreigner,
101599114,Until the End of Time (2008 Remastered Version),Foreigner,
386119181,What Lie,White Knight Instrumental,
977933,"Long, Long Way from Home (2008 Remastered Version)",Foreigner,
977948,I Want To Know What Love Is (2008 Remastered Version),Foreigner,
977946,Urgent (2008 Remastered Version),Foreigner,
46300831,Il jouait du piano debout,France Gall,
73645646,On vit à deux (Square Rooms),France Lise,
69323499,Reste Avec Moi [Rendu célèbre par Francis Lalanne] (Karaoké Playback Instrumental),Ameritz Karaoke Français,
62410939,Valley Girl,Frank Zappa,
87934721,Relax,Frankie Goes to Hollywood,
62712729,You're The One That I Want,John Travolta,
62714735,Grease (Instrumental),Frankie Valli,
62714744,Grease Dream Mix (Single Version),Frankie Valli,
131813360,All Right Now,Free,
99942018,Can't Get Away from a Good Time,Logan Mize,
15079161,Gitan,Garou,
871446,Que l'amour est violent,Garou,
60888101,Every Storm (Runs Out Of Rain),Gary Allan,
76780402,Tenderness,General Public,
14638211,No Son Of Mine (Platinum Collection Version),Genesis,
14637544,I Can't Dance (Digital 45),Genesis,
14639815,Jesus He Knows Me (2007 Remastered Version),Genesis,
14638199,Hold On My Heart,Genesis,
14637100,Invisible Touch (2007 Remastered Version),Genesis,
14640442,Alone Tonight (2007 Remastered Version),Genesis,
14617891,Land Of Confusion (Live In Helsinki),Genesis,
14638219,In Too Deep (Platinum Collection Version),Genesis,
14615046,Mama (LP Version),Genesis,
14615048,Home by the Sea,Genesis,
14639829,Second Home by the Sea (2007 Remastered Version),Genesis,
14639830,Illegal Alien (2007 Remastered Version),Genesis,
14639839,Not About Us (2007 Remastered Version),Genesis,
14640459,No Reply At All (2007 Remastered Version),Genesis,
14640461,Keep It Dark (2007 Remastered Version),Genesis,
14640435,Behind The Lines (2007 Remastered Version),Genesis,
14640436,Duchess (2007 Remastered Version),Genesis,
14640439,Misunderstanding (2007 Remastered Version),Genesis,
14640453,Many Too Many (2007 Remastered Version),Genesis,
14640282,Follow You Follow Me,Genesis,
14640448,Undertow (2007 Remastered Version),Genesis,
14615225,Afterglow (Live Version From Seconds Out),Genesis,
14640285,Your Own Special Way,Genesis,
14615214,Dance On A Volcano,Genesis,
14640472,Ripples (2007 Remastered Version),Genesis,
14640474,Los Endos (2007 Remastered Version),Genesis,
14638242,The Lamb Lies Down On Broadway (Platinum Collection Version),Genesis,
14638243,Counting Out Time (Platinum Collection Version),Genesis,
14638210,The Carpet Crawlers 1999,Genesis,
14638639,Firth Of Fifth (New Stereo Mix),Genesis,
14638643,The Cinema Show (New Stereo Mix),Genesis,
14638638,I Know What I Like (In Your Wardrobe) (New Stereo Mix),Genesis,
14638662,Supper's Ready (New Stereo Mix),Genesis,
14638645,The Musical Box (New Stereo Mix),Genesis,
3822133,Turn Your Love Around,George Benson,
14525086,Careless Whisper,George Michael,
62072000,Give It All We Got Tonight,George Strait,
1041861,Voici les clés,Gérard Lenorman,
77525957,Café Rimbaud,Gerry Boulet,
77525946,La femme d'or,Gerry Boulet,
122504210,Angela,The Lumineers,
77563312,Les yeux du coeur,Gerry Boulet et Marjo,
17793672,Les sunlights des tropiques,Gilbert Montagné,
77591132,Remixer ma vie,Ginette Reno,
532915,"Djobi, Djoba",Gipsy Kings,
3475780,Don't Forget Me (When I'm Gone),Glass Tiger,
3475787,Someday,Glass Tiger,
3475788,I WIll Be There,Glass Tiger,
3475789,You're What I Look For,Glass Tiger,
3475804,After The Dance,Glass Tiger,
3475308,Diamond Sun,Glass Tiger,
68153240,I'm Still Searching,Glass Tiger,
58702741,My Song (2004 Digital Remaster),Glass Tiger,
3475856,Animal Heart (2004 Digital Remaster),Glass Tiger,
3475810,Blinded,Glass Tiger,
3475323,The Rhythm Of Your Love,Glass Tiger,
3475327,Rescued (By The Arms Of Love),Glass Tiger,
58702791,My Town (2004 Digital Remaster),Glass Tiger,
3475815,Touch Of Your Hand,Glass Tiger,
376651751,Electric Blue,Icehouse,
26088811,"The Heat Is On (From ""Beverly Hills Cop"" Soundtrack)",Glenn Frey,
139617271,Chiquillo 'Bambino',Gloria Lasso,
17947469,I Don't Like Mondays,The Boomtown Rats,
60703503,Twilight Zone,Golden Earring,
3614346,The Message (feat. Melle Mel & Duke Bootee),Grandmaster Flash & The Furious Five,
787169,American Idiot,Green Day,
787181,Jesus Of Suburbia,Green Day,
787190,Holiday/Boulevard Of Broken Dreams,Green Day,
787198,Are We The Waiting/St. Jimmy,Green Day,
787212,Extraordinary Girl/Letterbomb,Green Day,
787235,Whatsername,Green Day,
601017,At The River,Groove Armada,
14885466,Just the Two of Us,"Grover Washington, Jr.",
1604482,Night Train (Sung By Joe Lesté) (Astralasia Remix),Swordfish,
17604910,Sweet Child O' Mine (Album Version),Guns N' Roses,
82490288,Hair Of The Dog,Guns N' Roses,
17604918,Live And Let Die (Album Version),Guns N' Roses,
17604916,Don't Cry (Original) (Album Version),Guns N' Roses,
17608167,Perfect Crime (Album Version Explicit),Guns N' Roses,
17608171,Double Talkin' Jive (Album Version Explicit),Guns N' Roses,
17604917,November Rain (Album Version),Guns N' Roses,
17608174,Garden Of Eden (Album Version Explicit),Guns N' Roses,
17608176,Bad Apples (Album Version Explicit),Guns N' Roses,
17608177,Dead Horse (Album Version),Guns N' Roses,
17604919,Yesterdays,Guns N' Roses,
114374788,Get In The Ring,Guns N' Roses,
114374790,Shotgun Blues,Guns N' Roses,
114374794,Pretty Tied Up (The Perils Of Rock N' Roll Decadence),Guns N' Roses,
114374800,Estranged,Guns N' Roses,
114374806,My World,Guns N' Roses,
35098491,Infinity 2008,Guru Josh Project,
121076686,Make Me Like You,Gwen Stefani,
119936172,You're Such A,Hailee Steinfeld,
109742734,"Love Myself (From ""Jem And The Holograms"" Soundtrack)",Hailee Steinfeld,
993973,Love Plus One,Haircut 100,
106072896,Colors,Halsey,
66333606,Slow Dance to Solitude,HKC Small Groups,
542015,John Wayne Is Big Leggy,Haysi Fantayzee,
3482144,Under The Sky,Heart,
3102869,Back To Avalon (2000 Digital Remaster),Heart,
3127720,Crazy On You,Heart,
3127630,Alone,Heart,
3482138,All I Wanna Do Is Make Love To You,Heart,
3102826,These Dreams (2000 Digital Remaster),Heart,
360963001,Nobody Home,Heart,
67468227,Magic Man (In the Style of Heart) (Demo Vocal Version),ProSource Karaoke,
29362621,How Deep It Goes (Demo),Heart,
78499633,Crazy on You (Karaoke Lead Vocal Demo),ProSound Karaoke Band,
849604,Love Alive,Heart,
1080502,Sylvan Song,Heart,
1080206,Dream of the Archer,Heart,
29362681,White Lightning & Wine (Live At The Aquarius),Heart,
1080638,Barracuda,Heart,
1080291,Kick It Out,Heart,
67398808,Heart Attack,Demi Lovato,
29362731,Heartless (Demo),Heart,
29362741,Dog & Butterfly (Acoustic Demo),Heart,
849608,Straight On,Heart,
82525112,Nada One (Album Version),Heart,
15194610,Bebe Le Strange,Heart,
109302708,Silver Wheels (Live),Heart,
1079002,Even It Up,Heart,
29362801,Sweet Darlin',Heart,
128169661,City's Burning,Heart,
130972736,City of Angels,The Head And The Heart,
88861159,Love Your Hurt Away,big mistake,
29362841,Lucky Day (Demo),Heart,
29362901,Unconditional Love (Demo),Heart,
29362911,High Romance (Demo),Heart,
29362931,Desire Walks On (Beach Demo Version),Heart,
29362971,She Still Believes (Live),Heart,
29362751,Straight On,Heart,
29363001,Boppy's Back (Demo),Heart,
29363021,Love Or Madness (Live),Heart,
86748417,To Live Is To Be Hunted,Totem Skin,
73478538,Fallen Ones,Heart,
127793485,Hold My Heart (feat. ZZ Ward),Lindsey Stirling,
99059196,Atom City Queen,Failure,
14495507,Red Heart,Hey Rosetta!,
29147251,Kiss You Inside Out,Hedley,
72114750,Crazy For You,Hedley,
72114755,Heaven In Our Headlights,Hedley,
92371904,The End of the Story,Hélèna Noguerra,
92290966,Tom,Noguerra Helena,
92371908,Monsieur Paul,Hélèna Noguerra,
92371912,If,Hélèna Noguerra,
92290968,Le premier jour,Hélèna Noguerra,
92371920,The Letter U,Hélèna Noguerra,
92371928,Appelle moi,Hélèna Noguerra,
6427339,Il est libre Max,Hervé Cristiani,
4094741,New Girl Now,Honeymoon Suite,
4094742,Burning In Love,Honeymoon Suite,
4094743,Wave Babies,Honeymoon Suite,
4094745,Now That You Got Me,Honeymoon Suite,
4094747,Heart on Fire,Honeymoon Suite,
4094748,Turn My Head,Honeymoon Suite,
86833859,Take Me to Church,Hozier,
3116045,I Want A New Drug (2006 Digital Remaster),Huey Lewis & The News,
3116046,The Power Of Love (2006 Digital Remaster),Huey Lewis & The News,
3116047,Jacob's Ladder (2006 Digital Remaster),Huey Lewis & The News,
3116048,Stuck With You (2006 Digital Remaster),Huey Lewis & The News,
3116049,Doing It All For My Baby (2006 Digital Remaster),Huey Lewis & The News,
3116050,If This Is It (2006 Digital Remaster),Huey Lewis & The News,
3116051,Do You Believe In Love (2006 Digital Remaster),Huey Lewis & The News,
3116052,Heart And Soul (2006 Digital Remaster),Huey Lewis & The News,
3116053,Back In Time (2006 Digital Remaster),Huey Lewis & The News,
3116054,Perfect World (2006 Digital Remaster),Huey Lewis & The News,
3116060,Small World (2006 Digital Remaster),Huey Lewis & The News,
3121967,Hip To Be Square,Huey Lewis & The News,
3116063,Couple Days Off (2006 Digital Remaster),Huey Lewis & The News,
3116064,Workin For A Livin (2006 Digital Remaster),Huey Lewis & The News,
8124508,Some Of My Lies Are True (Sooner Or Later) (2008 - Remaster),Huey Lewis & The News,
3116056,Trouble In Paradise (2006 Digital Remaster),Huey Lewis & The News,
3116044,The Heart Of Rock & Roll (2006 Digital Remaster),Huey Lewis & The News,
732061,So Little Kindness,Huey Lewis And The News,
732067,Thank You #19,Huey Lewis And The News,
732079,I Want A New Drug / Small World,Huey Lewis And The News,
3116057,It's All Right,Huey Lewis & The News,
66985036,Bad Is Bad,Huey Lewis And The News,
3116061,But it's Alright,Huey Lewis & The News,
732138,We're Not Here For A Long Time (We're Here For A Good Time),Huey Lewis And The News,
732151,Doing It All For My Baby (l),Huey Lewis And The News,
373941031,In the Room: Cruisin',Gallant,
67959012,Wanted,Hunter Hayes,
3095889,Je danse le Mia,IAM,
3121470,Real Wild Child,Iggy Pop,
4108057,Les démons de minuit,Images,
76183295,Flashback (Originally Performed by Imagination) [Karaoke Version],Audio Idols,
3996796,Just An Illusion,Imagination,
56725581,Radioactive,Imagine Dragons,
1132150,L'Aventurier,Indochine,
66307262,Love You Down,INOJ,
66600916,Need You Tonight,INXS,
14636764,Never Tear Us Apart,INXS,
17984790,Pull marine,Isabelle Adjani,
128235849,Adrienne,Isabelle Boulay,
3499705,What The World Needs Now Is Love (1994 Digital Remaster),Jackie DeShannon,
17604777,I Want You Back,Jackson 5,
17728085,Les bourgeois,Jacques Brel,
14763492,Vivre ailleurs (Version originale 1986),Jackie QUARTZ,
14763490,Mise au point (Version originale 1983),Jakie Quartz,
576436,Living In America,James Brown,
100598482,Want to Want Me,Jason Derulo,
100597146,Cheyenne,Jason Derulo,
100598486,Get Ugly,Jason Derulo,
100597150,Pull-Up,Jason Derulo,
100597152,Love Like That (feat. K. Michelle),Jason Derulo,
100598494,Painkiller (feat. Meghan Trainor),Jason Derulo,
100597156,Broke (feat. Stevie Wonder & Keith Urban),Jason Derulo,
100597160,Love Me Down,Jason Derulo,
100598502,Trade Hearts (feat. Julia Michaels),Jason Derulo,
100597164,X2CU,Jason Derulo,
786778,I'm Yours,Jason Mraz,
10012812,Down (Made Famous by Jay Sean feat. Lil Wayne),Future Pop Idols,
2762327,Confidence pour confidence (Version originale 1981),Jean Schultheis,
117640294,Géant (Superpitcher Remix),Alain Chamfort,
17984698,Femme que j'aime,Jean-Luc Lahaye,
3099820,En rouge et noir,Jeanne Mas,
69318094,Live It Up (Originally Performed by Jennifer Lopez Feat. Pitbull) (Instrumental Only),Singer's Edge Karaoke,
77626592,Goodbye Girl,Jérôme Couture,
17853209,On This Night Of A Thousand Stars,Andrew Lloyd Webber,
3126344,You Can Leave Your Hat On,Joe Cocker,
3126343,Unchain My Heart,Joe Cocker,
5146918,Up Where We Belong (Karaoke in the style of Joe Cocker & Jennifer Warnes),1980s Karaoke Band,
17946137,"In The City (From ""The Warriors"" Soundtrack)",Joe Walsh,
576425,Hearts On Fire,John Cafferty,
70079770,All of Me,John Legend,
7163203,Woman (2010 - Remaster),John Lennon,
17730422,Jack & Diane,John Mellencamp,
6410074,St. Elmos Fire (Man In Motion),John Parr,
62714739,Sandy (Sing-A-Long Version),John Travolta,
1201010,Greased Lightning - Sound-a-like Cover,From: Grease,
1198078,Grease Megamixx (Your The One That I Want / Greased Lighting / Summer Nights) (Karaoke-Version) As Made Famous By: John Travolta &,Studio Group,
130485446,Summer Nights (The Him Remix),Tiësto,
75237634,You're the One That I Want (Karaoke Version) [In the Style of Olivia Newton & John Travolta],The Karaoke Universe,
3231249,Missing You,John Waite,
3131209,Asimbonanga (Mandela),Johnny Clegg,
17418458,Je te promets,Johnny Hallyday,
112350070,What Do You Mean?,Justin Bieber,
20451001,The Friends Of Mr. Cairo,Jon & Vangelis,
3599507,On The Balcony Of The Casa Rosada 2,Madonna,
3599517,Your Little Body's Slowly Breaking Down,Madonna,
534461,Only the Young,Journey,
534464,Faithfully,Journey,
534465,I'll Be Alright Without You,Journey,
534466,Any Way You Want It,Journey,
534467,Ask the Lonely,Journey,
534468,Who's Crying Now,Journey,
534469,Separate Ways (Worlds Apart),Journey,
534471,"Lovin', Touchin', Squeezin'",Journey,
534473,Girl Can't Help It,Journey,
534474,Send Her My Love,Journey,
534475,Be Good to Yourself,Journey,
534589,When You Love a Woman,Journey,
534470,Lights,Journey,
900636,La Do Da,Journey,
626270,Patiently,Journey,
534463,Wheel in the Sky,Journey,
900641,Somethin' to Hide (Album Version),Journey,
380624151,Winds of March,Journey,
1026720,Opened the Door,Journey,
797434,Love Will Tear Us Apart,Joy Division,
3105615,Ce n'est rien,Julien Clerc,
3517330,Mon ange,Julien Clerc,
3517334,La fille aux bas nylon,Julien Clerc,
112350072,Sorry,Justin Bieber,
112350074,Love Yourself,Justin Bieber,
834986,Señorita,Justin Timberlake,
124237488,"CAN'T STOP THE FEELING! (Original Song from DreamWorks Animation's ""TROLLS"")",Justin Timberlake,
969494,Cry Me a River,Justin Timberlake,
834989,Rock Your Body,Justin Timberlake,
15591593,Still On My Brain,Justin Timberlake,
15591595,Right For Me,Justin Timberlake,
71035331,Blindness,Justin Timberlake,
4952827,All Along the Watchtower,Jimi Hendrix,
71090278,Don't Hold the Wall,Justin Timberlake,
65356217,Suit & Tie,Justin Timberlake,
65372358,Mirrors (Radio Edit),Justin Timberlake,
65356226,Dress On,Justin Timberlake,
3358294,Too Shy,Kajagoogoo,
57567791,A l'envers à l'endroit (Version longue),Karen Cheryl,
71630480,This Is How We Do,Katy Perry,
17135110,California Gurls (feat. Snoop Dogg),Katy Perry,
17135111,Firework,Katy Perry,
17135120,The One That Got Away (Acoustic),Katy Perry,
541998,Give It Up,Kc & The Sunshine Band,
79884570,A Step You Can’t Take Back,Keira Knightley,
70232153,Little Bit Of Everything,Keith Urban,
62118994,My Life Would Suck Without You,Kelly Clarkson,
62119012,I Do Not Hook Up,Kelly Clarkson,
2862125,Don't Let Me Stop You,Kelly Clarkson,
62119000,Already Gone,Kelly Clarkson,
2862129,Save You,Kelly Clarkson,
2862394,Whyyawannabringmedown,Kelly Clarkson,
2862131,Long Shot,Kelly Clarkson,
2862132,Impossible,Kelly Clarkson,
2862133,Ready,Kelly Clarkson,
2862134,I Want You,Kelly Clarkson,
112868318,"Symphony No. 5 in E Minor, Op. 64: IV. Finale: Andante maestoso - Allegro vivace - Moderato assai e molto maestoso",The Royal Festival Orchestra,
541848,Footloose,Kenny Loggins,
7675051,Danger Zone,Kenny Loggins,
92996676,First Kiss,Kid Rock,
94901814,"Good Times, Cheap Wine",Kid Rock,
94901816,Johnny Cash,Kid Rock,
94901818,Ain't Enough Whiskey,Kid Rock,
94901820,Drinking Beer With Dad,Kid Rock,
94901822,Good Time Lookin' For Me,Kid Rock,
94901824,Best Of Me,Kid Rock,
94901826,One More Song,Kid Rock,
94901884,Jesus And Bocephus,Kid Rock,
94901886,FOAD (Bonus Track),Kid Rock,
3153065,Bette Davis Eyes,Kim Carnes,
17685393,Rock And Roll All Nite,Kiss,
17687253,I Was Made For Lovin' You,Kiss,
74602299,Come with Me Now,Kongos,
17944440,Fresh (Album Version),Kool & The Gang,
17944448,Joanna (Single Version),Kool & The Gang,
18046854,Get Down On It,Kool & The Gang,
7922943,Uummannaq Song,KT Tunstall,
13025820,Ca Fait Rire Les Oiseaux,La Compagnie Créole,
17608005,Bulletproof,La Roux,
66514410,Downtown,Lady Antebellum,
17099856,White Horse,Laid Back,
675801,Gloria,Laura Branigan,
2170511,Grimaud,Laurent Voulzy,
24337491,Oh mon berger fidèle,Swingin' KKT,
135434784,La tailleuse de pipes,Camping Orchestra,
77561908,La bite à dudule,La belle équipe,
110806000,Dans ta rue,Pnl,
7733542,Les Nuits D'une Demoiselle,Colette Renard,
69439364,Blonde Model Private Striptease Dance (Video Adult Extremebass Mix),XXX Dubstep,
78670920,Dazed And Confused,Led Zeppelin,
75766210,I Drive Your Truck,Lee Brice,
76244420,Steal My Sunshine (Remastered Anniversary Edition),LEN,
15218949,Hallelujah,Leonard Cohen,
9812705,Vélomoteur,Les Calamités,
9812701,Ce mec est Too Much,Les Coco Girls,
128220979,Le Pouding À L'arsenic,Les Colocs,
82603824,Cocotiers,Les Costa,
241034,Chante,Les Forbans,
82603834,Rocking with My Radio,Lesley Jayne,
73645648,Hot Promises,Lesley Jayne,
69061296,Between the Raindrops (In the Style of Lifehouse Feat. Natasha Bedingfield) (Instrumental Only),Singer's Edge Karaoke,
83885727,Paris by Night,Linda Keel,
2417394,Le banana split,Lio,
17418475,All Night Long (All Night) (Single Version),Lionel Richie,
93014142,Hello (Originally Performed by Lionel Richie) [Backing Track],The Backing Track Extraordinaires,
17418472,Running With The Night (Single Version),Lionel Richie,
6788861,Funky Town,Lipps Inc.,
90630697,Let the Beat Hit 'Em,Lisa Lisa & Cult Jam,
73168257,This Is the Right Time,Lisa Stansfield,
58743071,Pontoon,Little Big Town,
9071507,Every Man Must Have a Dream,Liverpool Express,
990761,Macarena (Bayside Boys Remix),Los Del Río,
1049019,La Niña (Del Pañuelo Colorado) (The Party Radio Edit),Los Del Río,
138488293,Tú Me Vas A Llorar,Los Temerarios,
102537092,Reality (Radio Edit),Lost Frequencies,
1005869,Mambo No. 5 (A Little Bit of...),Lou Bega,
373698641,Angel With a Dirty Face,Lou Gramm,
803957,Just Between You And Me,Lou Gramm,
362925191,Broken Dreams,Lou Gramm,
803974,True Blue Love,Lou Gramm,
803982,I'll Come Running,Lou Gramm,
348173611,Hangin' on My Hip,Lou Gramm,
803999,Warmest Rising Sun,Lou Gramm,
136812668,Day One,Lou Gramm,
804013,I'll Know When It's Over,Lou Gramm,
804020,Tin Soldier,Lou Gramm,
15632524,Midnight Blue (Original Version 1982),Louise Tucker,
60611881,Et je danse (Maxi Crazy Club),LOVA MOOR,
3025111,The Kid Is Hot Tonite,Loverboy,
80390888,Fire Me Up,Loverboy,
3025110,This Could Be the Night,Loverboy,
13166336,Ain't Looking For Love,Loverboy,
6264598,Slave Master,Gregory Isaacs,
80390898,What Makes You So Special,Loverboy,
80390900,War Bride,Loverboy,
3025104,Turn Me Loose,Loverboy,
123851376,Hurtin,Loverboy,
3025108,When It's Over,Loverboy,
3025113,Hot Girls In Love,Loverboy,
2451959,Queen Of The Broken Hearts,Loverboy,
69773040,Almost Paradise (Karaoke Version) (Originally Performed By Ann Wilson & Mike Reno),A-Type Player,
3025112,Lovin' Every Minute of It,Loverboy,
15754579,Dangerous,Loverboy,
76476697,Too Hot (Karaoke Version) (Originally Performed By Loverboy),Albert 2 Stone,
3025115,Notorious,Loverboy,
2415546,Parlez-Moi D'Amour,Lucienne Boyer,
5802393,Java,Lucienne Delyle,
82198414,Drink A Beer,Luke Bryan,
17442622,Free Bird,Lynyrd Skynyrd,
17442610,Sweet Home Alabama,Lynyrd Skynyrd,
90630497,Moving on Up,M People,
119060246,Growing Up (feat. Ed Sheeran),Macklemore & Ryan Lewis,
115421364,Hello,Madilyn Bailey,
130483582,Our House,Madness,
3599496,Buenos Aires,Madonna,
2794568,Don't Cry For Me Argentina,Madonna,
3599509,Rainbow High,Madonna,
3599513,Partido Feminista,Madonna,
77062942,Promise to Try (Originally Performed by Madonna),Alta Marea,
664515,Cherish,Madonna,
664517,Dear Jessie,Madonna,
664519,Oh Father,Madonna,
664521,Keep It Together,Madonna,
664522,Pray For Spanish Eyes,Madonna,
781009,I Know It,Madonna,
781038,Physical Attraction,Madonna,
4209632,Everybody,Madonna,
680298,Lucky Star (Live),Madonna,
723849,Borderline (Remix),Madonna,
723855,Like A Virgin,Madonna,
4209638,Into The Groove,Madonna,
678372,La Isla Bonita,Madonna,
4209655,Justify My Love,Madonna,
678368,White Heat,Madonna,
678370,Where's The Party,Madonna,
678375,Jimmy Jimmy,Madonna,
678379,Love Makes The World Go Round,Madonna,
9812702,Don Quichotte (No Estan Aqui),Magazine 60,
7827696,Ambiance à l'africaine,Magic System,
15420482,One Way Or Another,Mandy Moore,
15754475,Further Away,Manic Street Preachers,
91129577,Gitano Soy,Relajacion y Guitarra Acustica,
77496625,Nous sommes les mêmes,Marc Dupré,
108945654,Who Do You Love,Marianas Trench,
66499411,Stutter,Marianas Trench,
5802402,Le cha-cha-cha,Marie José,
92905032,Une Guitare Une Vie (Original Mix),Marie Josée Neuville,
73645631,Tout est pardonné,Marie Myriam,
77477939,Je cours,Marie-Mai,
77477943,Sans cri ni haine,Marie-Mai,
71911004,III. Valse des Fleurs - Tempo di valse,Claudio Abbado,
97750242,"The Nutcracker; Act I, Scene I; No. 5, Scene; Grandfather's Dance",Utah Symphony Orchestra & Maurice Abravanel,
2747357,"Nutcracker, Op. 71: Act II: Tea (Chinese Dance)",Bolshoï National Theatre,
81533496,_ : Tchaikovsky: The Nutcracker - Final Waltz and Apotheosis,Valery Gergiev,
66643419,Sur Ta Musique,Mario Pelchat,
66643429,Ailleurs,Mario Pelchat,
77525490,Mon retour,Mario Pelchat,
368160911,Heads Will Roll,Marion Raven,
93235178,Uptown Funk Originally Performed By Mark Ronson Feat. Bruno Mars (Karaoke Backing Track),Sunfly Karaoke,
133931370,Don't Wanna Know,Maroon 5,
83083294,Animals,Maroon 5,
899944,Toy Soldiers,Martika,
91626696,Love... Thy Will Be Done (Originally Performed By Martika) (Karaoke Version),MIDIFine Systems,
125468090,Two Out of Three Ain't Bad,Meat Loaf,
125468084,You Took The Words Right Out of My Mouth (Hot Summer Night),Meat Loaf,
125468086,Heaven Can Wait,Meat Loaf,
532258,Paradise by the Dashboard Light,Meat Loaf,
125468094,For Crying Out Loud,Meat Loaf,
17683899,Good Girls Go To Heaven (Bad Girls Go Everywhere),Meat Loaf,
17682417,Lost Boys And Golden Girls,Meat Loaf,
1636751,Paradise By The Dashboard Light,Various Artists - Meatloaf Tribute,
15702411,The Monster Is Loose,Meat Loaf,
15702414,Bad For Good,Meat Loaf,
15702415,Cry Over Me,Meat Loaf,
15702416,"In The Land Of The Pig, The Butcher Is King",Meat Loaf,
15702421,If It Ain't Broke Break It,Meat Loaf,
87532255,I'd Do Anything For Love (But I Won't Do That),Meat Loaf,
87532259,I'd Lie For You (And That's The Truth),Meat Loaf,
87532261,Objects In The Rear View Mirror May Appear Closer Than They Are,Meat Loaf,
17685703,Not A Dry Eye In The House,Meat Loaf,
63859715,Runnin' for the Red Light (I Gotta Life),The Hit Co.,
17683898,Everything Louder Than Everything Else,Meat Loaf,
17682411,Out Of The Frying Pan (And Into The Fire),Meat Loaf,
87532273,Left In The Dark,Meat Loaf,
5404621,Dead Ringer for Love,Meat Loaf,
82122414,No Matter What / Home by Now (In the Style of Meatloaf) [Karaoke Version],Ameritz Karaoke Standards,
358920091,Me Too,Meghan Trainor,
90630593,All 'Bout the Money,Meja,
72191377,Who Can It Be Now?,Men at Work,
17296189,Pop Goes The World,Men Without Hats,
136408210,Blackened,Metallica,
136408216,One,Metallica,
136408214,Eye Of The Beholder,Metallica,
136408218,The Shortest Straw,Metallica,
136408222,The Frayed Ends Of Sanity,Metallica,
136408224,To Live Is to Die,Metallica,
136408226,Dyers Eve,Metallica,
136406378,That Was Just Your Life,Metallica,
136406384,The Day That Never Comes,Metallica,
136406386,All Nightmare Long,Metallica,
136406394,The Judas Kiss,Metallica,
136406398,My Apocalypse,Metallica,
136408134,Enter Sandman,Metallica,
136408138,Holier Than Thou,Metallica,
136408140,The Unforgiven,Metallica,
136408142,Wherever I May Roam,Metallica,
136408146,Through The Never,Metallica,
136408148,Nothing Else Matters,Metallica,
136408154,My Friend Of Misery,Metallica,
136408156,The Struggle Within,Metallica,
136408092,Fuel,Metallica,
136408094,The Memory Remains,Metallica,
136408096,Devil's Dance,Metallica,
136408098,The Unforgiven II,Metallica,
136408100,Better Than You,Metallica,
136408102,Slither,Metallica,
136408106,Bad Seed,Metallica,
136408108,Where The Wild Things Are,Metallica,
136408110,Prince Charming,Metallica,
136408112,Low Man's Lyric,Metallica,
136408114,Attitude,Metallica,
136408116,Fixxxer,Metallica,
136408178,Fight Fire With Fire (Remastered),Metallica,
136408182,For Whom The Bell Tolls (Remastered),Metallica,
136408184,Fade To Black (Remastered),Metallica,
136408186,Trapped Under Ice (Remastered),Metallica,
136408190,Creeping Death (Remastered),Metallica,
136408192,The Call Of Ktulu (Remastered),Metallica,
536485,Kids,MGMT,
565038,Dr. Beat,Miami Sound Machine,
575603,"Time, Love and Tenderness",Michael Bolton,
17614298,Ben (Single Version),Michael Jackson,
59509561,Liberian Girl (2012 Remastered Version),Michael Jackson,
59509441,Speed Demon (2012 Remaster),Michael Jackson,
13144805,Blood on the Dance Floor,Michael Jackson,
13144780,Morphine,Michael Jackson,
13144755,Superfly Sister,Michael Jackson,
13144756,Ghosts,Michael Jackson,
13144768,Scream Louder (Flyte Tyme Remix),Michael Jackson,
8164647,Money,Michael Jackson,
8164652,2 Bad,Michael Jackson,
8164643,Stranger in Moscow,Michael Jackson,
8164644,This Time Around,Michael Jackson,
4603407,Earth Song (Remastered Version),Michael Jackson,
8164649,You Are Not Alone,Michael Jackson,
8164631,Bad,Michael Jackson,
15593561,In the Closet,Michael Jackson,
13129208,Black or White (Single Version),Michael Jackson,
59509491,I Just Can't Stop Loving You (2012 Remaster),Michael Jackson,
59509481,Man in the Mirror (2012 Remaster),Michael Jackson,
13129211,You Rock My World (Radio Edit),Michael Jackson,
13129198,Rock with You (Single Version),Michael Jackson,
13129197,Don't Stop 'Til You Get Enough (2003 Edit),Michael Jackson,
15586317,Off the Wall,Michael Jackson,
15586288,She's Out of My Life (Single Version),Michael Jackson,
15588649,The Girl Is Mine,Michael Jackson featuring Paul McCartney,
4763165,Beat It (Single Version),Michael Jackson,
831216,Wanna Be Startin' Somethin',Michael Jackson,
831313,Billie Jean,Michael Jackson,
59509521,Leave Me Alone (2012 Remaster),Michael Jackson,
59509471,Another Part of Me (2012 Remaster),Michael Jackson,
15593565,Heal the World,Michael Jackson,
15593563,Remember the Time,Michael Jackson,
14874844,"Who Is It (7"" Edit)",Michael Jackson,
15593569,Will You Be There,Michael Jackson,
15593566,Black or White,Michael Jackson,
831289,Baby Be Mine,Michael Jackson,
4603408,Billie Jean,Michael Jackson,
831190,The Lady in My Life,Michael Jackson,
78213551,Love Never Felt so Good,Michael Jackson,
362738771,Rumeurs sur la ville,Michel Rivard,
17447278,Les lacs du Connemara,Michel Sardou,
17446700,Etre une femme,Michel Sardou,
5802399,Un gamin de Paris,Mick Micheyl,
17853672,My Dick (Explicit Version),Mickey Avalon,
70294403,Beds Are Burning (Remastered),Midnight Oil,
61246093,The Dead Heart (2007 Remastered),Midnight Oil,
5404583,Girl You Know It's True,Milli Vanilli,
131601718,"Overture Solennelle 1812, Op. 49",Antal Dorati,
14272542,Mama's Broken Heart,Miranda Lambert,
3332279,Words,Missing Persons,
84763225,"You're My Heart, You're My Soul '98 (Remastered)",Modern Talking,
110709250,The Girl Of Lucifer (Originally performed by Monte Kristo),Party Karaoke Crew,
73645655,Sherry Mi-Saï (Maxi),Monte Kristo,
1058171,Kyrie,Mr. Mister,
10235185,Kalimba,Mr. Scruff,
77207337,Life/Last and Evil Days,"Erica Eri Sol Cammack, April Soulest Cotton & Pastor Anthony Payton",
60698275,I Will Wait,Mumford & Sons,
129048594,One Night in Bangkok,Murray Head,
18044511,Pourvu Qu'Elles Soient Douces,Mylène Farmer,
17728597,Libertine,Mylène Farmer,
8117594,Elle imagine...,Nacash,
130214106,Always Something There to Remind Me,Naked Eyes,
554446,Torn,Natalie Imbruglia,
133191136,Famous,Nathan Sykes,
105695974,I Need Never Get Old,Nathaniel Rateliff & The Night Sweats,
136403308,Howling At Nothing,Nathaniel Rateliff & The Night Sweats,
136403312,Trying So Hard Not To Know,Nathaniel Rateliff & The Night Sweats,
102100016,S.O.B.,Nathaniel Rateliff & The Night Sweats,
105695984,Wasting Time,Nathaniel Rateliff & The Night Sweats,
105695988,Look It Here,Nathaniel Rateliff & The Night Sweats,
136403334,Shake,Nathaniel Rateliff & The Night Sweats,
105695992,I'd Be Waiting,Nathaniel Rateliff & The Night Sweats,
105695994,Mellow Out,Nathaniel Rateliff & The Night Sweats,
80271290,Cracklin' Rosie,Neil Diamond,
80271292,Forever In Blue Jeans,Neil Diamond,
80271294,Song Sung Blue,Neil Diamond,
80271296,Sweet Caroline,Neil Diamond,
80271298,Holly Holy,Neil Diamond,
80271300,Red Red Wine,Neil Diamond,
80271314,September Morn,Neil Diamond,
80271318,"Love On The Rocks (From ""The Jazz Singer"" Soundtrack)",Neil Diamond,
80271322,Shilo,Neil Diamond,
80271328,Morningside,Neil Diamond,
80271332,Soolaimon,Neil Diamond,
90277635,Play Me,Neil Diamond,
80271340,Kentucky Woman,Neil Diamond,
80271342,"Girl, You'll Be A Woman Soon",Neil Diamond,
80271344,Solitary Man,Neil Diamond,
81107366,I'm A Believer,Neil Diamond,
85039673,I Am I Said,Andy Street,
80649796,"Summer Love (Neil Diamond) [In the Style of Jazz Singer, The] [Karaoke Version]",Ameritz,
732195,Down By the River,Neil Young,
732206,Cowgirl In The Sand,Neil Young,
732209,Cinnamon Girl,Neil Young,
3826704,Southern Man (Remastered Version),Neil Young,
732229,Only Love Can Break Your Heart,Neil Young,
732240,Ohio,"Crosby, Stills, Nash & Young",
3826699,The Needle And The Damage Done,Neil Young,
3826696,Old Man,Neil Young,
3826694,Heart Of Gold,Neil Young,
732261,Like A Hurricane,Neil Young,
732265,Comes A Time,Neil Young,
732277,Rockin' In The Free World,Neil Young,
677484,Harvest Moon,Neil Young,
1068254,Cover Girl (Album Version),New Kids on the Block,
1277796,Didn't I (Blow Your Mind),New Kids on the Block,
1277793,You Got It (The Right Stuff),New Kids on the Block,
1056753,I Need You,New Kids on the Block,
1277797,Please Don't Go Girl (Single Version),New Kids on the Block,
1068277,Where Do I Go From Here (Album Version),New Kids on the Block,
1056145,Stop It Girl,New Kids on the Block,
1056890,Be My Girl,New Kids on the Block,
1277794,I'll Be Loving You (Forever),New Kids on the Block,
116641936,"Hamlet, Overture-Fantasia in F Minor, Op. 67",London Philharmonic Orchestra,
115160094,"Casse-Noisette, Op. 71, Acte II Scène 3: Le café (Danse arabe)",Antal Dorati,
15420481,Summertime Guys,Nikki Cleary,
71323752,Strike,Nikki Flores,
12033448,About a Girl,Rockabye Baby!,
17444664,Come As You Are,Nirvana,
90630585,Anthem,N-Joi,
17519574,Little Talks,Of Monsters And Men,
18021316,Weird Science (Album Version),Oingo Boingo,
90630617,You're Not Alone (Radio Edit),Olive,
62712746,Look At Me I'm Sandra Dee (From “Grease” Soundtrack / Reprise),Olivia Newton-John,
61469286,Xanadu (Official Bar Karaoke Version in the Style of Olivia Newton-John & Elo from ''xanadu''),Playin' Buzzed,
105771042,Hula Hoop,Omi,
86489641,Steal My Girl,One Direction,
105025158,Drag Me Down,One Direction,
112667894,Infinity,One Direction,
112667896,End of the Day,One Direction,
112667898,If I Could Fly,One Direction,
112667902,Never Enough,One Direction,
113544674,Love You Goodbye,Molotov Cocktail Piano,
112667912,History,One Direction,
112667916,Walking in the Wind,One Direction,
72544966,Best Song Ever,One Direction,
71836457,Story of My Life,One Direction,
72544950,Diana,One Direction,
72544952,You & I,One Direction,
15379465,Live Is Life (digitally remastered) (Single Version),Opus,
3141621,Enola Gay,Orchestral Manoeuvres in the Dark,
60137451,Just Give Me a Reason,P!nk,
106827778,Today's The Day,P!nk,
98993838,Another Love in L.A.,Pacifique,
2838140,Partenaire Particulier,Partenaire Particulier,
83885685,Soir de blues,Pascale Richard,
3168961,All Fired Up,Pat Benatar,
6718673,Invincible,Pat Benatar,
103493844,Lay Down,The Good People,
3105189,Love Is A Battlefield,Pat Benatar,
3105195,Hit Me With Your Best Shot,Pat Benatar,
3130894,Promises In The Dark,Pat Benatar,
114553748,Ooh Ooh Song,Pat Benatar,
75608981,Hell Is for Children (Originally Performed by Pat Benatar),MIDIFine Systems,
3313024,Somebody's Baby,Pat Benatar,
3313016,True Love,Pat Benatar,
106123638,Heartbreaker,Pat Benatar,
386269111,Le Bricoleur,Patachou,
17947018,Mon mec à moi,Patricia Kaas,
600886,Place des grands hommes,Patrick Bruel,
600887,Dors,Patrick Bruel,
1131130,She's Like the Wind,Patrick Swayze,
6599483,You Can Call Me Al,Paul Simon,
13816124,Everytime You Go Away,Paul Young,
5404535,Love of the Common People,Paul Young,
3311528,Straight Up,Paula Abdul,
3109329,"Cold Hearted (7""Edit)",Paula Abdul,
3109331,Knocked Out (Single Version),Paula Abdul,
72784410,One or the Other (Karaoke Version),SBI Audio Karaoke,
3311524,Opposites Attract,Paula Abdul,
3109334,"Rush, Rush (7"" Edit)",Paula Abdul,
3109335,"The Promise Of A New Day (7"" Edit)",Paula Abdul,
3311539,Blowing Kisses In The Wind,Paula Abdul,
97988902,Vibeology (Karaoke Version) [Originally Performed By Paula Abdul],Anne Regler,
14630798,Bend Time Back Around,Paula Abdul,
72267209,Will You Marry Me (Originally Performed by Paula Abdul) (Karaoke Version),Singer's Edge Karaoke,
54818881,My Love Is for Real (In the Style of Paula Abdul) [Karaoke Version],Ameritz - Karaoke,
54818891,Crazy Cool (In the Style of Paula Abdul) [Karaoke Version],Ameritz - Karaoke,
3312591,If I Were Your Girl,Paula Abdul,
3229176,Ain't Never Gonna Give You Up,Paula Abdul,
3229186,It's All About Feeling Good,Paula Abdul,
18026542,Une fenetre ouverte,Pauline Ester,
3122973,It's A Sin,Pet Shop Boys,
7460106,Go West (Radio Edit),Pet Shop Boys,
7460097,Suburbia (2010 Remastered Version),Pet Shop Boys,
7460108,Se A Vida é (That's The Way Life Is) (2001 Remastered Version),Pet Shop Boys,
3122974,What Have I Done to Deserve This? (with Dusty Springfield),Pet Shop Boys,
3310452,I Wouldn't Normally Do This Kind Of Thing (2001 Remastered Version),Pet Shop Boys,
15707220,Home And Dry (2003 Remastered Version),Pet Shop Boys,
124186232,Brick England,Jean-Michel Jarre,
7460111,Miracles (Radio Edit),Pet Shop Boys,
3122970,Love Comes Quickly,Pet Shop Boys,
3122978,Domino Dancing,Pet Shop Boys,
3103893,New York City Boy,Pet Shop Boys,
3122980,It's Alright,Pet Shop Boys,
7460105,Where The Streets Have No Name (I Can't Take My Eyes Off You; 2003 Remastered Version),Pet Shop Boys,
3310493,A Red Letter Day (2001 Remastered Version),Pet Shop Boys,
7460103,"Left To My Own Devices (Single Version, 2001 Remastered Version)",Pet Shop Boys,
15707233,Flamboyant,Pet Shop Boys,
7460104,Being Boring (2001 Remastered Version),Pet Shop Boys,
3101958,West End Girls (2001 Remastered Version),Pet Shop Boys,
15707237,I Get Along (Radio Edit; 2003 Remaster; 2003 Remastered Version),Pet Shop Boys,
3122981,So Hard,Pet Shop Boys,
3122975,Rent,Pet Shop Boys,
3147766,Jealousy (2003 Remastered Version),Pet Shop Boys,
3122985,DJ Culture,Pet Shop Boys,
3310453,Liberation (2001 Remastered Version),Pet Shop Boys,
3122971,Opportunities (Let's Make Lots Of Money),Pet Shop Boys,
3310456,Yesterday When I Was Mad (2001 Remastered Version),Pet Shop Boys,
68628476,Single Bilingual (In the Style of Pet Shop Boys) [Karaoke Version],Ameritz Countdown Karaoke,
78345111,Somewhere (Karaoke Version) (Originally Performed By Pet Shop Boys),Albert 2 Stone,
896060,"Besoin De Rien, Envie De Toi",Peter & Sloane,
122357172,Major Tom,Peter Schilling,
134036426,Against All Odds (Take A Look At Me Now) (2016 Remastered),Phil Collins,
4290177,Can't Turn Back The Years,Phil Collins,
4290179,Everyday,Phil Collins,
118425690,Can't Find My Way (2015 Remastered),Phil Collins,
118425692,Survivors (2015 Remastered),Phil Collins,
118425694,We Fly So Close (2015 Remastered),Phil Collins,
118425696,There's A Place For Us (2015 Remastered),Phil Collins,
134036404,We Wait And We Wonder (2015 Remastered),Phil Collins,
4290181,Please Come Out Tonight,Phil Collins,
119121698,It's In Your Eyes (2016 Remastered),Phil Collins,
119121716,Wear My Hat (Live) (2016 Remastered),Phil Collins,
134036248,Another Day In Paradise (2016 Remastered),Phil Collins,
134036278,True Colors (2016 Remastered),Phil Collins,
134036246,Two Hearts (2016 Remastered),Phil Collins,
134036250,I Wish It Would Rain Down (2016 Remastered),Phil Collins,
134036236,One More Night (2016 Remastered),Phil Collins,
134036268,Dance Into The Light (2016 Remastered),Phil Collins,
4290174,Do You Remember,Phil Collins,
36546511,One More Night,Maroon 5,
134036234,Sussudio (2016 Remastered),Phil Collins,
14615123,Something Happened On The Way To Heaven (Live),Phil Collins,
134036244,A Groovy Kind Of Love (2016 Remastered),Phil Collins,
17426514,Fa ma no ni ma,Philippe Lafontaine,
70099004,Kolé Séré (Karaoké avec chant témoin) [Rendu célèbre par Philippe Lavil et Jocelyne Béroard],Karaoké Playback Français,
5522727,Dans ma rue,Philippe Swan,
115803578,Do It Again (Originally Performed by Pia Mia Feat. Chris Brown & Tyga),"The Hit Machine, Inc.",
13149719,When the Rain Begins to Fall,Jermaine Jackson,
116914022,Time,Pink Floyd,
116914028,Us and Them,Pink Floyd,
116914098,Goodbye Blue Sky,Pink Floyd,
76886383,Don't Stop the Party (Karaoke Version - Originally Performed by Pitbull feat. TJR),Karaoke Masters,
102660990,Fun (Damaged Goods Remix),Pitbull,
12915636,Rain Over Me (In the style of Pitbull feat. Marc Anthony),2010s Karaoke Band,
91054557,Timber (Originally Performed by Pitbull feat. Ke$ha) [Karaoke Version],Backing Force,
89597767,Time of Our Lives,Pitbull,
936899,Where Is My Mind?,Pixies,
79223387,Doesn't Really Matter (Remastered),Platinum Blonde,
77622528,J'veux m'en r'tourner chez nous ( Alcohol...),Plume Latraverse,
3037376,Neutron Dance,The Pointer Sisters,
3119141,Fallen Angel (2006 - Remaster),Poison,
3874974,Every Rose Has Its Thorn (2003 - Remaster),Poison,
3090728,Something to Believe In (2003 - Remaster),Poison,
3119135,Talk Dirty to Me (2006 - Remaster),Poison,
5303589,I Want Action (Digitally Remastered 96),Poison,
3119137,I Won't Forget You (2003 - Remaster),Poison,
3235329,Cry Tough (2006 - Remaster),Poison,
5303588,Look What The Cat Dragged In (Digitally Remastered 96),Poison,
3119140,Nothin' But A Good Time (2006 - Remaster),Poison,
10445585,Your Mama Don't Dance (2006 - Remaster),Poison,
3119144,Unskinny Bop (2006 - Remaster),Poison,
139132123,Rock And Roll All Nite,Poison,
10445588,Ride the Wind (2006 - Remaster),Poison,
10445569,Life Goes On (2003 - Remaster),Poison,
5303586,Stand (Digitally Remastered 96),Poison,
14610314,Last Song,Marianne Faithfull,
141628563,Shooting Star,Poison,
10445568,We're An American Band,Poison,
137818627,White Iverson,Post Malone,
68101738,Blue Angels,Pras,
100059620,Back It Up (Spanish Version),Prince Royce,
3829297,I'll Be Missing You (feat. Faith Evans & 112),Diddy,
246535,A quoi tu penses ? (Remix),Caroline Loeb,
17941359,Harden My Heart,Quarterflash,
78484745,Now I'm Here (Karaoke Version) (Originally Performed By Queen),Albert 2 Stone,
356132161,Queen For Queen,Motionless In White,
66480897,Bohemian Rhapsody,Queen,
63443990,Killer Queen,Queen,
66480865,Brighton Rock,Queen,
65652381,In The Lap Of The Gods Live at Wembley '86,Queen,
112575772,"Jailhouse Rock Medley (Live At The Hammersmith Odeon, London / December 1975)",Queen,
66139773,"See What A Fool I've Been Live BBC Session, London / July 1973 / 2011 Remix",Queen,
50526231,National Anthem England ( God Save The Queen ),Various Artists,
89124943,Las Palabras De Amor (The Words Of Love) Remastered 2011,Queen,
75608845,Fat Bottomed Girls (Originally Performed by Queen),MIDIFine Systems,
63443993,Bicycle Race,Queen,
63444001,Don't Stop Me Now,Queen,
63444000,Save Me,Queen,
63443995,Crazy Little Thing Called Love,Queen,
63443991,Somebody To Love,Queen,
63443996,Now I'm Here,Queen,
63444002,Good Old Fashioned Lover Boy,Queen,
63443998,Seven Seas Of Rhye,Queen,
65639218,Forever Remix,Queen,
65650092,Radio Ga Ga,Queen,
65637146,The Show Must Go On Album Version,Queen,
66533309,It's A Hard Life Remastered 2011,Queen,
66533310,Breakthru Remastered 2011,Queen,
66533311,Who Wants To Live Forever Remastered 2011,Queen,
66533312,Headlong Remastered 2011,Queen,
66533313,The Miracle Remastered 2011,Queen,
66599444,I'm Going Slightly Mad,Queen,
66533315,The Invisible Man Remastered 2011,Queen,
66533317,Friends Will Be Friends Remastered 2011,Queen,
66599483,Let Me Live (2011 Remaster),Queen,
66599491,You Don't Fool Me (2011 Remaster),Queen,
66599456,These Are the Days of Our Lives (2011 Remaster),Queen,
66533306,I Want It All Remastered 2011,Queen,
66533319,One Vision Remastered 2011,Queen,
66599488,Heaven for Everyone,Queen,
84104667,No-One but You (Karaoke Version) [Originally Performed By Queen],Zoom Karaoke,
16557338,Under Pressure - Single (In the Style of Queen & David Bowie) [Performance Track with Demonstration Vocals],Done Again,
102671422,Locked Away,R. City,
7446556,Man On The Moon,R.E.M.,
107318362,Stand By You,Rachel Platten,
63302973,Runnin' Outta Moonlight,Randy Houser,
2194974,Coco Jamboo (Radio Version),Mr. President,
537516,"Ghostbusters (From ""Ghostbusters"")",Ray Parker Jr.,
17946347,Oh Sheila,Ready for the World,
1042543,Another Night,Real McCoy,
630701,Cotton Eye Joe,Rednex,
10157575,Place Your Hands,Reef,
69382614,Dès que le vent soufflera,Renaud,
581979,Keep on Loving You,REO Speedwagon,
581544,In My Dreams,REO Speedwagon,
71994144,One Too Many Girlfriends,REO Speedwagon,
71994145,Variety Tonight,REO Speedwagon,
77621792,Le bon gars,Richard Desjardins,
3168937,Right Here Waiting,Richard Marx,
3087487,Should've Known Better,Richard Marx,
15392124,It Would Take a Strong Strong Man,Rick Astley,
600629,Never Gonna Give You Up,Rick Astley,
90630663,Cry for Help,Rick Astley,
17946332,Super Freak,Rick James,
97901586,Bitch Better Have My Money,Rihanna,
75813882,Me And My Broken Heart,Rixton,
77593947,"«Moi tarzan, toi Jane»",Robert Charlebois,
17976581,Addicted To Love,Robert Palmer,
70432997,Boys Do Fall in Love (Karaoke Version) (Originally Performed By Robin Gibb),A-Type Player,
70258692,Blurred Lines (In the Style of Robin Thicke feat. T.I. & Pharrell) [Karaoke Version],Zoom Karaoke,
101554456,Hélène,Roch Voisine,
101554464,La promesse,Roch Voisine,
101554468,La berceuse du petit diable,Roch Voisine,
111982956,Bye Bye,Roch Voisine,
101580026,La légende Oochigeas,Roch Voisine,
111982942,Elle a peur des hirondelles,Roch Voisine,
111982944,Tu ne sauras jamais,Roch Voisine,
54867011,Darling (Karaoke Version) (Originally Performed By Joseph Armand & Roch Voisine),Universal Sound Machine,
111982950,Pour toi,Roch Voisine,
111982958,On the Outside,Roch Voisine,
111982960,Waiting,Roch Voisine,
111982968,She Had a Dream,Roch Voisine,
62738765,"When Will My Life Begin (From ""Tangled"" / Soundtrack Version)",Mandy Moore,
111982970,Until Death Do Us Part,Roch Voisine,
17991989,Maggie May (Edit Version),Rod Stewart,
99036756,Mamy Yoko (Version instrumentale),Rose Laurens,
89388943,The Look,Roxette,
89388945,Dressed For Success (US Single Mix),Roxette,
89388975,Sleeping In My Car (Single Version),Roxette,
4225604,Paint,Roxette,
4225605,Dance Away,Roxette,
4225606,Cry,Roxette,
4225607,Chances,Roxette,
89388947,Dangerous,Roxette,
4225609,"Half A Woman, Half A Shadow",Roxette,
4225610,View From A Hill,Roxette,
4225613,Listen To Your Heart,Roxette,
4225612,Shadow Of A Doubt,Roxette,
4225614,The Voice,Roxette,
126423979,One Is Such A Lonely Number (Demo September 1987),Roxette,
89388951,How Do You Do!,Roxette,
994702,Walk This Way,RUN-DMC,
71826734,II. Minuetto,Samuel Friedmann,
40095971,"Tchaikovsky : Symphony No.2 in C minor Op.17, 'Little Russian' : II Andantino marziale, quasi moderato",Kurt Masur,
68201570,Festival Coronation March,Russian National Orchestra,
65131206,"Symphony No.4 in F Minor, Op. 36: Andante Sostenuto",Various Artists,
76485286,"Symphony No. 5 in E Minor, Op. 64: I. Andante - Allegro con anima",RFCM Symphony Orchestra,
62400776,Symphony no.5 in E minor - op.64. 4th movement,"Victor Fedotov, Polina Fedotova",
139423075,"Manfred Symphony in B Minor, Op. 58, TH 28: I. Lento lugubre. Moderato con moto. Andante",Slovak Radio Symphony Orchestra,
78510766,Dolce Vita,Ryan Paris,
131811486,"God, Your Mama, And Me",Florida Georgia Line,
88299351,Leave The Night On,Sam Hunt,
62488752,Aim To Win,Samantha Fox,
72053004,"Under the Sea (From ""The Little Mermaid"")",Samuel E. Wright,
125329066,"J'aime La Vie (From ""Eurovision 1986"")",Super Vision Europe Competition All-Stars,
105929878,Time To Say Goodbye (Con Te Partiro),Sarah Brightman,
99360002,Scatman (ski-ba-bop-ba-dop-bop),Scatman John,
17781153,Wind Of Change,Scorpions,
14299457,Rhythm of Love,Scorpions,
869731,San Francisco (Be Sure to Wear Flowers In Your Hair) (Single Version),Scott McKenzie,
89834817,The Heart Wants What It Wants,Selena Gomez,
107956006,Theme From S’Express (Vanilla Ace Excursion),S'Express,
678388,The Glamorous Life,Sheila E,
678376,Shortberry Strawcake (LPVersion),Sheila E,
678384,Next Time Wipe The Lipstick Off Your Collar,Sheila E,
70212200,Easy,Sheryl Crow,
17418154,Little Lotte .../The Mirror ...(Angel Of Music) (Live At The Royal Albert Hall/2011),Andrew Lloyd Webber,
17418165,Masquerade / Why So Silent? (Live At The Royal Albert Hall/2011),Andrew Lloyd Webber,
70604129,Madame Giry's Tale/The Fairground,Simon Lee,
65039246,Don't You (Forget About Me),Simple Minds,
2477001,Holding Back the Years (2008 Remastered Version),Simply Red,
542006,So Macho,Sinitta,
3821880,I Remember You,Skid Row,
3821875,18 And Life,Skid Row,
108415640,Fais-moi un show de boucane,Les soeurs Boulay,
82603742,Aujourd'hui plus qu'hier...,Sophie Favier,
1057312,Runaway Train,Soul Asylum,
3130319,True,Spandau Ballet,
131403250,Living on My Own (No More Brothers Radio Mix),Freddie Mercury,
3133738,Wannabe (Radio Edit),Spice Girls,
831294,Two Princes,Spin Doctors,
15417669,Brest bay,Stand High Patrol,
5404546,Nothing's Gonna Stop Us Now,Starship,
74379410,Achy Breaky Danse (Version française),Stef Carse,
114778250,Old Brown Shoe (Remastered),The Beatles,
114778270,Across The Universe Remastered,The Beatles,
15423195,Sweet Troubled Soul (Original Mix),stellastarr*,
17824427,Combien de temps,Stephan Eicher,
90630567,Tragedy,Steps,
134617107,Abracadabra,Steve Miller Band,
17992618,While You See A Chance,Steve Winwood,
18060921,Valerie,Steve Winwood,
61138503,Spanish Dancer,Steve Winwood,
17730117,Higher Love,Steve Winwood,
17730118,Back In The High Life Again,Steve Winwood,
17733798,Dirty City (2010 Remaster),Steve Winwood,
17733795,Don't You Know What The Night Can Do? (2010 Remaster),Steve Winwood,
61138507,Night Train (Instrumental Version),Steve Winwood,
20662431,Freedom Overspill,Steve Winwood,
17733794,Back In The High Life Again (2010 Remaster),Steve Winwood,
3907141,He Loves You Not,Dream,
3259841,Roll With It,Steve Winwood,
17733804,There's A River (2010 Remaster),Steve Winwood,
3259842,Holding On,Steve Winwood,
346748271,All at Sea,Everlasting Jazz,
17733810,Why Can't We Live Together (2010 Remaster),Steve Winwood,
4952963,Little Wing,Jimi Hendrix,
126031277,I Just Called To Say I Love You,Stevie Wonder,
17609995,Sir Duke (Album Version),Stevie Wonder,
17691006,Fields Of Gold,Sting,
599782,Rock This Town,Stray Cats,
17936118,I Am The Walrus,Styx,
17936119,I Can See For Miles,Styx,
17936120,Can't Find My Way Home,Styx,
18137451,It Don't Make Sense (You Can't Make Peace),Robben Ford,
17936122,I Don't Need No Doctor,Styx,
17936123,One Way Out,Styx,
17936124,A Salty Dog,Styx,
17936125,Summer In The City,Styx,
17936128,Locomotive Breath,Styx,
17936129,Find The Cost Of Freedom,Styx,
17936130,Wishing Well,Styx,
17936131,Blue Collar Man @ 2120,Styx,
17968742,Come Sail Away,Styx,
17935939,Love Is The Ritual,Styx,
17968779,Love At First Sight,Styx,
17947176,All In A Day's Work,Styx,
17947177,Not Dead Yet,Styx,
17947178,World Tonite,Styx,
17947179,Carrie Ann,Styx,
17947180,Homewrecker,Styx,
17947181,Back To Chicago,Styx,
17968735,The Best Of Times,Styx,
17935914,Lorelei,Styx,
17968737,Too Much Time On My Hands,Styx,
19797771,Babe,Styx,
385955121,Fooling Yourself (Angry Young Man),Styx,
17968740,Show Me The Way,Styx,
17968741,Renegade,Styx,
17968743,Blue Collar Man (Long Nights),Styx,
17968744,The Grand Illusion,Styx,
17968745,Crystal Ball,Styx,
104079706,Suite Madam Blue (Live),Styx,
385957141,Miss America (Live),Styx,
17968748,Mr. Roboto,Styx,
17968749,Don't Let It End,Styx,
17935910,Lady (1973 Album Version),Styx,
576431,Eye of the Tiger,Survivor,
576423,Burning Heart,Survivor,
71491239,High on You,Survivor,
88611677,Jackie Don't Go,Survivor,
960360,I Can't Hold Back,Survivor,
71491244,Is This Love,Survivor,
88611705,How Much Love,Survivor,
17940680,Luka,Suzanne Vega,
76238159,Loin de nous,Sylvain Cossette,
62120084,Je ferai sans toi,Sylvain Cossette,
623469,She's so High,Tal Bachman,
3257505,Such A Shame (1997 Remastered Version),Talk Talk,
8164663,Prove Your Love,Taylor Dayne,
90630637,Can't Get Enough of Your Love,Taylor Dayne,
371739391,New Romantics,Taylor Swift,
63456074,Closer,Tegan and Sara,
4603400,Smooth Criminal (Remastered Radio Edit),Michael Jackson,
5404534,Sign Your Name,Terence Trent D'Arby,
6620681,Why,Terry Brock,
6620678,The Rain,Terry Brock,
115756206,Love Song,Tesla,
75880176,Aquarius / Let the Sunshine In,The 5th Dimension,
567681,Don't Answer Me,The Alan Parsons Project,
3929352,Roam,The B-52's,
65657518,Better Dig Two (Album Version),The Band Perry,
17692521,If I Die Young,The Band Perry,
3037340,Eternal Flame,The Bangles,
610231,Walk Like an Egyptian,The Bangles,
14932100,Gold On The Ceiling,The Black Keys,
68473134,Wake Up Boo! (Radio Edit),The Boo Radleys,
70565124,Video Killed the Radio Star (Originally Performed By Buggles) [Karaoke Version],Paris Music,
674711,Drive,The Cars,
674705,You Might Think,The Cars,
128515561,Don't Let Me Down (Dom Da Bomb & Electric Bodega Remix),The Chainsmokers,
7239009,Smalltown Boy,Bronski Beat,
105426372,She Sells Sanctuary,The Cult,
14611724,Boys Don't Cry,The Cure,
17986525,One Thing Leads To Another,The Fixx,
63882472,Build Me Up Buttercup,The Foundations,
2889763,You Found Me,The Fray,
17783458,You Dropped A Bomb On Me,The Gap Band,
98661128,Cuba (Rerecorded),The Gibson Brothers,
90630503,Swamp Thing,The Grid,
3092940,Don't You Want Me (2002 - Remaster),The Human League,
29182491,Grandma Got Run-Over By A Reindeer,The Irish Rovers,
3168236,Centerfold,J. Geils Band,
14874837,Enjoy Yourself,The Jacksons,
14874847,Blame It on the Boogie,The Jacksons,
587394,Shake Your Body (Down to the Ground) (Single Version),The Jacksons,
5404550,Can You Feel It,The Jacksons,
709461,Head On,The Jesus and Mary Chain,
62795168,Crush On You,The Jets,
73283632,Hi Fidelity (Karaoke Version) (Originally Performed By Kids From Fame),Karaoke Diamonds,
4508609,Everybody's Got To Learn Sometime (Re-Recorded / Remastered),The Korgis,
90630651,Change,The Lightning Seeds,
66499375,Your Heart Is A Muscle,Carly Rae Jepsen,
122504204,Ophelia,The Lumineers,
59158221,Heartache Avenue,The Maisonettes,
3237256,Suddenly Last Summer (2002 Digital Remaster),The Motels,
68142057,Baby Makes Her Blue Jeans Talk (In the Style of Dr. Hook) [Karaoke Version],Ameritz Countdown Karaoke,
2793753,Juicy,The Notorious B.I.G.,
3616650,Big Poppa,The Notorious B.I.G.,
3616651,Hypnotize,The Notorious B.I.G.,
81191804,One More Chance / Stay With Me (Radio Edit),The Notorious B.I.G.,
6480034,Get Money (karaoke-version) As Made Famous By: Junior M.A.F.I.A Ft. The Notorious B.I.G.,Studio Group,
2793748,Warning,The Notorious B.I.G.,
700311,Biggie (feat. Junior M.A.F.I.A.),The Notorious B.I.G.,
3616656,Who Shot Ya,The Notorious B.I.G.,
3829291,"It's All About The Benjamins (feat. The Notorious B.I.G., Lil' Kim & The Lox) (Remix)",Diddy,
3616627,"Nasty Girl (feat. Diddy, Nelly, Jagged Edge and Avery Storm)",The Notorious B.I.G.,
82492142,Niggas Bleed (2014 Remastered Version),The Notorious B.I.G.,
3616630,"Running Your Mouth (feat. Snoop Dogg, Nate Dogg, Fabolous and Busta Rhymes)",The Notorious B.I.G.,
94901972,Old Thing Back (feat. Ja Rule and Ralph Tresvant),Matoma,
856124,Your Love,The Outfield,
17691016,Roxanne,The Police,
17691003,Every Breath You Take,The Police,
10686744,Sister Europe (Remastered),The Psychedelic Furs,
10686740,Mr. Jones (Single Version),The Psychedelic Furs,
623272,Dumb Waiters,The Psychedelic Furs,
7779640,"Pretty in Pink (From ""Pretty in Pink"")",The Psychedelic Furs,
10686757,Love My Way,The Psychedelic Furs,
10686756,President Gas,The Psychedelic Furs,
15195579,Here Come Cowboys,The Psychedelic Furs,
623706,Heartbeat,The Psychedelic Furs,
548741,The Ghost in You,The Psychedelic Furs,
4253024,Heartbreak Beat (Album Version),The Psychedelic Furs,
10686765,"Angels Don't Cry (7"" Remix)",The Psychedelic Furs,
3571518,All That Money Wants (Album Version),The Psychedelic Furs,
13146456,Sometimes,The Psychedelic Furs,
13146467,Until She Comes,The Psychedelic Furs,
10686749,Only You And I,The Psychedelic Furs,
17613630,It's Only Rock'n'Roll (But I Like It),The Rolling Stones,
1066565,What I Like About You,The Romantics,
5093609,How Soon Is Now? (2008 Remastered Version),The Smiths,
5507112,I'm a Man ('67 Radio Session),The Spencer Davis Group,
137818845,Gimme Some Lovin',The Spencer Davis Group,
118654902,Trampoline,The Spencer Davis Group,
3152622,Golden Brown,The Stranglers,
15411881,Nobody Knows,The Tony Rich Project,
555755,It's Raining Men,The Weather Girls,
72282285,Sally Simpson,The Who,
17689722,Baba O'Riley (Remix),The Who,
133771842,Get Together (Originally Performed by Youngbloods) [Karaoke Version],The Karaoke Channel,
16928933,Skeletons,These Kids Wear Crowns,
16928934,This Party Never Stops,These Kids Wear Crowns,
16928936,Lifetime,These Kids Wear Crowns,
16928937,Break It Up,These Kids Wear Crowns,
125414174,Hit the Road Jack (It Feels Good),Kled Mone,
15722505,I Wanna Dance With Somebody (Danser toute la nuit),These Kids Wear Crowns,
16928941,Don't Sweat It,These Kids Wear Crowns,
16928943,We All Fall Down,These Kids Wear Crowns,
1075118,Le jerk,Thierry Hazard,
17710811,The Boys Are Back In Town,Thin Lizzy,
67241958,Do Or Die,Thirty Seconds to Mars,
3747886,She Blinded Me With Science (2009 Remastered Version),Thomas Dolby,
71596680,Get Me Some Of That,Thomas Rhett,
1043423,Lay Your Hands On Me,Thompson Twins,
385668521,Joy To The World,The Platters,
17440924,Joy To The World,Three Dog Night,
17729940,All This Time,Tiffany,
17729941,Oh Jackie,Tiffany,
62320597,Radio Romance (In the Style of Tiffany) [Performance Track with Demonstration Vocals],Done Again,
17729944,We're Both Thinking Of Her,Tiffany,
17729945,Walk Away While You Can,Tiffany,
77336333,"Half the Man, Twice the Lover",Peter Finc,
17729949,Hearts Never Lie,Tiffany,
6457314,Forever Young,Tiffany,
18022487,I Think We're Alone Now,Tiffany,
4253023,Voices Carry,'Til Tuesday,
17614002,If We Ever Meet Again (Featuring Katy Perry),Timbaland,
90630613,Chains,Tina Arena,
3167295,The Best (Edit),Tina Turner,
1043894,Waterfalls,TLC,
4253018,867-5309/Jenny,Tommy Tutone,
70010332,Kalimba de luna,Tony Esposito,
70477554,Just for You,Too Many Cooks,
70172452,Save My Soul,Too Many Cooks,
111033416,Hollow,Tori Kelly,
1078779,Hold the Line,Toto,
622562,Westside,TQ,
2271566,Baby Can I Hold You,Tracy Chapman,
17730107,Forty Thousand Headmen,Traffic,
17730108,"No Face, No Name, No Number",Traffic,
17987953,The Low Spark Of High-Heeled Boys,Traffic,
17730111,Glad,Traffic,
17733758,Paper Sun (2010 Remaster),Traffic,
20693501,Coloured Rain (Album Version),Traffic,
17733762,Smiling Phases (2010 Remaster),Traffic,
17733764,Pearly Queen (2010 Remaster),Traffic,
17733767,Who Knows What Tomorrow May Bring (2010 Remaster),Traffic,
20512191,Shanghai Noodle Factory,Traffic,
20512161,Withering Tree,Traffic,
17457630,Glad / Freedom Rider (Live),Traffic,
17973821,Empty Pages,Traffic,
17987957,Rainmaker,Traffic,
18046712,Walking In The Wind,Traffic,
74903689,I Got a Love,Pete Rock & CL Smooth,
15636336,Drive By,Train,
4008364,"Hey, Soul Sister",Train,
99976952,Stressed Out,Twenty One Pilots,
117705084,We're Not Gonna Take It,Twisted Sister,
17420684,Rack City (Album Version Explicit),Tyga,
70721423,Redneck Crazy,Tyler Farr,
11118881,We Are The World,U.S.A. for Africa,
87455449,California (There Is No End To Love),U2,
87455453,Iris (Hold Me Close),U2,
87455499,Raised By Wolves,U2,
87455477,Cedarwood Road (From Acoustic Sessions),U2,
87455503,Sleep Like A Baby Tonight,U2,
87455463,This Is Where You Can Reach Me Now,U2,
17610810,I Still Haven't Found What I'm Looking For,U2,
3167611,Red Red Wine (Edit),UB40,
3167616,(I Can't Help) Falling in Love With You,UB40,
99548956,"Riff Off (From ""Pitch Perfect 2"" Soundtrack)",Das Sound Machine,
1052073,You Make Me Wanna...,Usher,
72411485,À fleur de peau,Valérie Carpentier,
97098410,Jump (2015 Remastered Version),Van Halen,
5093782,Why Can't This Be Love,Van Halen,
3826813,Summer Nights,Van Halen,
3826814,Best of Both Worlds,Van Halen,
17603488,Joe le taxi,Vanessa Paradis,
142602658,You to Me Are Everything : You to Me Are Everything (Classic Radio Mix),Dpdg,
730021,Alia Souza (Live Olympia 1976),Véronique Sanson,
800627,Le maudit,Véronique Sanson,
800653,Bouddha,Véronique Sanson,
93717086,Comment crois-tu que la musique vienne,Véronique Sanson,
730034,Redoutable (Live Olympia 1976),Véronique Sanson,
730003,Amoureuse (Live Olympia 1976),Véronique Sanson,
93114370,Reality,Richard Sanderson,
97546226,Rule the World,Walk Off the Earth,
90326361,Shut Up and Dance,Walk The Moon,
74114435,Million Years,Walter Schnitzelsson,
17417226,Everybody Have Fun Tonight,Wang Chung,
17417215,Dance Hall Days,Wang Chung,
594917,Cherry Pie,Warrant,
133585374,King Of The World,Weezer,
15626266,Everything She Wants (Remastered),Wham!,
15189066,Heartbeat,Wham!,
72971010,Like a Baby (Karaoke Version),SBI Audio Karaoke,
14525087,Freedom,Wham!,
15626303,If You Were There (Remastered 2006),George Michael,
15190539,Credit Card Baby,Wham!,
17691578,Still Of The Night,Whitesnake,
90630495,It's Not Right but It's Okay,Whitney Houston,
75981528,I Wanna Dance with Somebody (Who Loves Me),Whitney Houston,
75376104,Strong (Originally Performed by Will Hoge) [Karaoke Version],Mega Tracks Karaoke Band,
90630519,I'm Not In Love,Will To Power,
72789516,On the Road Again,Willie Nelson,
3103791,Daniel (Digitally Remastered 00),Wilson Phillips,
3090950,Hold On,Wilson Phillips,
95813354,See You Again (feat. Charlie Puth),Wiz Khalifa,
94422614,Just Kickin' It,Xscape,
3135763,Making Plans For Nigel (2001 - Remaster),XTC,
12650195,Don't Go (2008 Remaster),Yazoo,
17612883,Heads Will Roll,Yeah Yeah Yeahs,
74208130,"""Swan Lake"" Ballet Suite, Op. 20 Act III: No. 20 - Danse hongroise (Czárdás)",George Weldon,
77325360,No Limit,2 Unlimited,
77325365,Tribal Dance,2 Unlimited,
13176037,Down,311,
17945225,Firestarter,38 Special,
17987316,Rockin' Into The Night (Album Version),38 Special,
17978201,Hold On Loosely,38 Special,
17978202,Wild-Eyed Southern Boys (Album Version),38 Special,
17978203,Fantasy Girl (Album Version),38 Special,
17987320,Caught Up In You (Album Version),38 Special,
17779032,"Rough Housin' (Live - Nassau Coliseum Uniondale, NY)",38 Special,
17987324,Stone Cold Believer (Album Version),38 Special,
17987325,Twentieth Century Fox (Album Version),38 Special,
17947129,Back Where You Belong,38 Special,
104022934,"Teacher, Teacher (Originally Performed by 38 Special) (Karaoke Version)",MIDIFine Systems,
17992710,Somebody Like You,38 Special,
17992711,Like No Other Night,38 Special,
17987331,Back To Paradise (Album Version),38 Special,
17949092,Second Chance,38 Special,
80902780,Good Girls,5 Seconds Of Summer,
80902782,Kiss Me Kiss Me,5 Seconds Of Summer,
80902784,18,5 Seconds Of Summer,
80902786,Everything I Didn't Say,5 Seconds Of Summer,
80902796,Heartbreak Girl,5 Seconds Of Summer,
80902818,Voodoo Doll,5 Seconds Of Summer,
75826172,True to Your Heart (Originally Performed by 98 Degrees & Stevie Wonder) [Karaoke Version],Mega Tracks Karaoke Band,
79587436,Final Masquerade,Linkin Park,
3235759,Addicted,Saving Abel,
1079668,Africa,Toto,
75474044,Not a Bad Thing,Justin Timberlake,
63018838,Otis (Originally By Jay Z & Kanye West Feat. Otis Redding),DJ Covers,
135434834,L'amour made in Japan,Camping Orchestra,
532923,Bamboleo,Gipsy Kings,
18082241,Do They Know It's Christmas? (1984 Version),Band Aid,
89025367,Bed of Nails,Subrosa,
532912,"Bem, Bem, Maria",Gipsy Kings,
66109773,Le branle du rat (Danse),Sylvie Pulles,
145626084,Comment t'aimer,Marc Antoine,
131203626,A Criminal Mind (Live),Styx,
1030221,Down Under,Men at Work,
897720,D'amour ou d'amitié,Céline Dion,
77913132,L'amour existe encore (Live in Quebec City),Céline Dion,
96461324,Fallen Angel,Three Days Grace,
6343272,My First Kiss (feat. Ke$ha),3OH!3,
129366000,Fresh Eyes,Andy Grammer,
15176731,Heaven Can Wait,Michael Jackson,
92722978,Hell Ain't a Bad Place to Be,AC/DC,
1013768,I'm Your Gun,Alice Cooper,
14989914,Je Ne Veux Pas Travailler,Rúzsa Magdi,
68097795,The Last Resort (Remastered),Eagles,
3667561,American Pie,Madonna,
4209682,Don't Tell Me,Madonna,
778758,Frozen,Madonna,
723836,Holiday,Madonna,
664507,Like A Prayer,Madonna,
723874,Live To Tell,Madonna,
65220608,Mappemonde,Les soeurs Boulay,
77560658,L'enfant de la débauche,Gilles Gosselin,
17727965,Mon Ange,Jena Lee,
2465156,Ne partez pas sans moi (Grand prix de L'Eurovision 1988),Céline Dion,
131066096,Never Surrender,Corey Hart,
104248284,"Notre amour, Op. 23: No. 2",Steven Tharp,
61782324,Les Oiseaux Du Bonheur,Audio Idols,
17974982,Dedicated To The One I Love,The Mamas & The Papas,
7674834,Ordinary People,John Legend,
116914138,The Post War Dream,Pink Floyd,
92720038,Shoot to Thrill,AC/DC,
129666370,Something To Believe In,Young the Giant,
139098915,Stutter,Gucci Mane,
73724283,Drunk in Love,Beyoncé,
23272841,Tchaikovsky : Symphony No.5 in E minor Op.64 : III Valse - Allegro moderato,Daniel Barenboim,
10235358,Travailler (Orgasmic remix),TTC,
5404526,Wake Me Up Before You Go-Go,Wham!,
126040595,Wear My Hat,MAC MILLER,
75803454,Who Do You Love?,YG,
849425,You Don't Bring Me Flowers,Barbra Streisand,
13205769,The Kid Is Hot Tonight (live),Loverboy,
-2511222922,This is a pirate version of Deezer. Please download the official app on the Appstore.,Deezer,
84189895,Ding Dong Song (Maxi),Van Burg Project feat. Jay West,
